3.3,3.6,11.88,4.2,47.3927,52.8,53.4,52.1847,0.034,55.106,55.6797,22.0508,20.154,13.4748,39.603,36.1964,24.2007,0.3147,0.2588,939.9274,61.0576,57.2298,130.17,24.2,2.4,7.3,1.3,0.3,3.3,0.5,8.0927,220
3.3,3.6,11.88,4.122,47.2264,50.4,52,57.1392,0.038,59.001,60.97,13.8137,9.3901,37.7663,22.6565,15.4011,61.9424,0.6272,1.3416,932.1447,71.4974,66.507,165.04,16.3,0.5,2.2,0,3.8,8.4,0.5,15.5264,220
3.3,3.6,11.88,4.254,47.3518,50.1,48.3,56.9775,0.043,59.147,62.8792,6.0734,55.8415,0.9643,9.6588,88.8077,1.5335,3.7318,0,950.4732,84.8873,80.461,219.35,12.3,4.2,7.7,2.2,0.3,0.1,0,20.5518,220
3.3,3.6,11.88,4.119,47.369,47.7,49.7,53.0583,0.035,55.187,56.1116,19.0872,7.501,29.5235,34.0164,13.3679,52.6156,0.2406,0.6845,944.0026,67.9722,63.891,139.85,23.3,0.2,3.2,0.3,1.3,6.8,1.9,10.369,220
3.3,3.6,11.88,4.144,47.4738,47.5,49.9,59.7813,0.048,61.94,63.6838,9.6155,6.385,47.6834,15.0988,10.0261,74.8751,0.3369,1.407,948.704,108.7464,102.917,239.84,15.1,0.1,1.2,0,5.5,12.1,1.1,12.3738,220
3.3,3.6,11.88,4.148,48.0584,51.1,52.1,56.9797,0.044,58.993,61.3142,13.0934,47.5355,0.6853,21.3546,77.5276,1.1178,2.3217,0,951.3556,102.2557,97.0592,231.29,9.7,12.8,10.2,0.9,0,0,0,14.4584,220
3.3,3.6,11.88,4.129,47.394,45.2,48.7,50.1191,0.043,53.047,54.5988,8.9089,3.7753,41.9147,16.3169,6.9146,76.7685,0.2826,1.269,950.3365,104.4472,99.0556,223.22,20,0,0,0,2.6,7.7,4.8,12.294,220
3.3,3.6,11.88,4.124,47.4415,47.1,48.1,58.5113,0.05,61.104,62.7882,8.4712,5.0417,49.2753,13.4917,8.0296,78.4787,0.2657,1.4189,937.4131,105.9144,99.0604,240.43,13.9,0.5,11.4,0,5.1,0.6,1.6,14.3415,220
3.3,3.6,11.88,4.117,47.4116,47.8,48.29,53.8073,0.052,57.204,58.8419,13.7152,13.9598,31.1668,23.3087,23.7244,52.967,0.4306,1.2068,948.6883,100.2492,94.9327,245.01,21,0,2.9,0.6,1.5,6.4,0,15.0116,220
3.3,3.6,11.88,4.141,47.4114,47.3,51.1,56.2711,0.031,58.218,59.7169,18.2494,14.8493,26.6182,30.5598,24.8661,44.574,0.6557,0.843,965.3583,61.316,59.4471,296.68,24.0452,0.5,2.35,0.32,1.2,5.07,0.97,12.9562,220
3.3,3.6,11.88,4.141,47.5045,50.5,48.5,59.4596,0.03,61.179,62.3791,21.6624,8.2505,32.4662,34.7271,13.2263,52.0466,0.3007,0.8997,969.9328,85.1825,82.6809,247.77,24.0963,0.34,1.04,0.3127,3.253,5.83,0.822,11.8105,220
3.3,3.6,11.88,4.141,47.2836,46.6,47.9,62.0544,0.032,63.288,65.6539,14.2829,3.019,48.3521,21.7548,4.5984,73.6469,0.3298,2.0356,977.8738,87.0302,85.1294,252.19,21.6271,0.3698,0.4313,0.2054,1.6174,8.4075,0.5721,14.053,220
3.3,3.6,11.88,4.14,47.3373,48,45.8,51.3552,0.032,55.023,56.0542,20.0014,23.285,12.7677,35.6823,41.5402,22.7775,0.5795,0.4519,971.2212,91.3962,88.7881,245.2,23.1129,5.6031,2.8547,0.5923,0.403,3.0516,0.1854,11.5343,220
3.3,3.6,11.88,4.138,47.4078,47.7,47.9,56.5291,0.031,61.511,63.0663,21.1522,21.594,20.3201,33.5396,34.2402,32.2203,1.0011,0.5544,24.45,94.0285,0.0094,226.2,20.34,0.9,3.49,0.27,1.77,6.31,0.36,13.9678,220
3.3,3.6,11.88,4.136,45.951,48.5,49.6,52.2752,0.039,53.825,54.7107,14.8842,7.8395,31.9871,27.2052,14.3289,58.4659,0.2443,0.6411,963.1646,109.0104,105.1285,225.77,22.7,1.4,5,0.9,4.44,1.2,1.64,8.671,220
3.3,3.6,11.88,4.131,45.9,48,46.4,59.4781,0.044,61.671,64.2497,13.8865,9.0513,41.312,21.6133,14.0877,64.2991,0.516,2.0629,947.3253,102.051,96.4586,235.51,14.3,1.9,3.3,0.9,2.9,5.8,0.6,16.2,220
3.3,3.6,11.88,4.131,45.9005,56.7,53.7,59.4291,0.045,61.739,63.399,20.9274,9.811,32.6607,33.009,15.4749,51.5161,0.3799,1.2799,939.4486,98.9591,92.694,234.09,20.4,0.5,2,0.7,1.9,6.4,0.6,13.4005,220
3.3,3.6,11.88,4.121,46.2079,49.9,54.9,54.4043,0.043,56.733,58.9207,20.8793,37.3194,0.7219,35.4363,63.3385,1.2252,2.188,0,939.8093,101.3031,94.9363,230.28,20.5,1.4,6.9,1.5,0,0,0,15.9079,220
3.3,3.6,11.88,4.124,46.0735,50.7,54.9,57.1365,0.045,59.671,61.1258,17.4689,12.1565,31.5003,28.5786,19.8878,51.5336,0.3514,1.1033,939.6781,102.1898,95.8105,248.69,19.8,0.5,4.2,0.8,0,8.4,0.9,11.4735,220
3.3,3.6,11.88,4.138,47.4721,45.5,47.4,59.3592,0.01,59.843,62.0869,18.2077,43.1468,0.7324,29.3261,69.4942,1.1796,2.2434,0,-,-,-,-,21.41,1,7.81,7.2,0.11,0.24,0,9.7021,220
3.3,3.6,11.88,4.136,46.0092,48.5,51.1,56.678,0.02,58.114,59.8476,25.3779,34.4307,0.039,42.4042,57.5307,0.0651,1.7336,0,-,-,-,-,25.4,1.4,3.9,3.8,0.1,0,0,11.4092,220
3.3,3.6,11.88,4.118,47.4033,46.3,46.9,57.0885,0.015,58.067,59.2163,17.6878,5.0359,36.4927,29.8697,8.5042,61.626,0.1831,0.9661,-,-,-,-,23.1,0.2,1.4,0,1,6.2,3.6,11.9033,220
5,3.6,18,4.156,73,50.9,50.2,74.9459,0.043,78.986,83.2329,29.0183,26.1902,28.0244,34.864,31.4662,33.6699,1.1575,3.0895,956.7142,93.0137,88.7775,198.81,39.5,2.4,4.8,0.1,1.7,3,0,21.5,220
5,3.6,18,4.168,72.6,49.39,51.3,91.3294,0.046,94.161,96.2135,26.7076,26.0569,43.449,27.7587,27.0824,45.1589,0.9082,1.1446,929.336,113.0937,104.9524,231.61,31.2,3.1,3,2.7,7,5.9,4.3,15.4,220
5,3.6,18,4.153,73.2,47.6,47.7,84.683,0.041,87.541,95.0702,24.5678,41.1766,29.3259,25.8417,43.3118,30.8465,2.9339,4.5957,951.7815,70.9578,67.2907,138.3,32.9,0.6,5.2,0,4.4,0.9,0,29.2,220
5,3.6,18,4.153,72.5,51.1,52.09,78.3018,0.04,82.837,84.5073,21.1343,38.4984,24.8747,25.0088,45.5563,29.4349,0.9945,0.676,924.5232,75.3585,69.372,219.83,39.3,4.1,4.7,1.5,1.9,3.7,0.81,16.49,220
5,3.6,18,4.189,72.0475,53.2,51.3,86.2598,0.041,89.342,91.2568,25.5433,28.491,37.2225,27.9905,31.2207,40.7888,0.8344,1.0803,929.1241,69.0667,63.956,150.1,33.3,3.8,5.9,0,2.5,9.1,2.5,14.9475,220
5,3.6,18,4.19,71.993,52.7,51.9,77.1442,0.051,80.877,82.7572,19.1798,20.5921,42.9853,23.176,24.8825,51.9415,0.5713,1.3085,933.9485,113.6693,105.8905,238.12,30.5,2.8,6.1,2.1,4.8,10.5,0,15.193,220
5,3.6,18,4.168,72.9903,54.1,52.7,76.1098,0.051,81.973,83.654,37.8035,26.9924,18.8581,45.1903,32.2667,22.543,0.8681,0.813,941.3726,96.217,90.3078,206.33,43,2.5,6.3,0.4,1.6,3.3,0.9,14.9903,220
5,3.6,18,4.179,72.7944,53.6,54.6,84.4498,0.04,87.798,89.9347,30.6379,31.9828,27.314,34.0669,35.5622,30.3709,1.0476,1.0889,930.086,42.1005,38.949,81.25,33.8,2,10.8,0.2,0.8,7.2,0.7,17.2944,220
5,3.6,18,4.18,72.7,48.5,48.8,74.9732,0.038,78.916,80.9048,31.188,20.9134,28.8034,38.549,25.8494,35.6016,0.8492,1.1394,935.272,43.1056,40.0783,102.76,40.7,1.2,4,0.3,0.7,7.4,0.6,17.8,220
5,3.6,18,4.17,72.7,48.1,51.09,71.7913,0.048,76.497,78.4384,23.8422,29.5627,25.0335,30.3961,37.6891,31.9148,1.075,0.8667,937.0686,99.1231,92.6363,204.06,38.9,3.9,4.3,0.3,4.5,3,0.21,17.59,220
5,3.6,18,4.153,70.4393,47,49.5,70.5834,0.035,76.283,77.5769,34.1611,33.4344,9.9813,44.0352,43.0984,12.8664,0.9414,0.3528,956.0369,106.4695,101.922,233.43,41.956,0.55,2.65,0.6,1.21,6.89,1.14,15.4433,220
5,3.6,18,4.152,70.4892,47.9,47.6,79.1383,0.038,83.984,85.5504,29.7259,38.0215,17.803,34.7466,44.4434,20.8099,0.9555,0.6107,505.1184,413.1214,88.3005,195.01,38.056,4.475,6.815,2.22,0.4,3.86,0.447,14.2162,220
5,3.6,18,4.15,70.5057,49.1,48.2,71.7699,0.035,78.425,79.7885,29.8003,41.723,8.2653,37.349,52.292,10.359,1.0669,0.2962,955.8221,103.9203,99.3759,257.03,41.9577,2.3,7.64,2.24,0.4492,1.2327,0.4167,14.2694,220
5,3.6,18,4.153,72.9381,51.4,47.6,78.6753,0.042,81.012,84.0068,23.7593,20.7641,39.4834,28.2826,24.7171,47.0003,1.3171,1.6777,971.1702,99.0601,96.3477,188.18,33.4,1.44,2.94,2.54,2.34,7.64,3.14,19.4981,220
5,3.6,18,4.123,72.5702,47.8,48.2,79.6632,0.052,83.521,86.3076,22.4662,19.8177,44.0237,26.0303,22.9617,51.0079,0.8588,1.9274,932.2597,118.5902,110.4258,271.48,32.8,0.4,3.1,1.1,3.3,8.9,0.9,22.0702,220
5,3.6,18,4.085,72.747,55,51.9,74.7592,0.054,78.526,81.1957,24.6081,16.6682,39.9195,30.3071,20.5284,49.1645,0.8474,1.8224,941.2138,116.2447,109.1492,242.29,33.6,0.5,1.5,1.5,4.3,8.2,1.1,22.047,220
5,3.6,18,4.096,72.719,51.9,53.1,64.5206,0.047,69.207,70.8499,27.478,16.4486,26.9234,38.7834,23.216,38.0005,0.5772,1.0658,940.4105,113.906,106.8731,244.02,43.1,1.1,2.6,0.7,1.6,6.7,0.8,16.119,220
5,3.6,18,4.156,72.8086,52.3,54.3,78.4261,0.049,81.675,84.6503,24.8493,38.3764,21.4246,29.3552,45.3352,25.3096,1.9617,1.0139,940.2787,98.1402,92.165,203.65,29.6,6.3,9.1,0.5,1.8,3.6,1.4,20.5086,220
5,3.6,18,4.134,70.4409,49.7,49.2,92.286,0.027,94.348,97.3381,24.2284,37.6961,35.4137,24.891,38.727,36.3821,1.6298,1.36,-,-,-,-,30.64,3.98,6.27,2.06,1.12,8.23,1.51,16.6309,220
5,3.6,18,4.137,70.621,48.3,45.7,92.582,0.026,94.403,98.9686,25.1748,37.433,36.3607,25.4372,37.8231,36.7397,2.1261,2.4391,-,-,-,-,28.62,3.7,6.3,0.91,0,7.08,0.03,23.981,220
5,3.6,18,4.112,70.5562,50.6,48.5,83.0463,0.024,86.186,88.7318,33.0421,46.9709,8.7189,37.2381,52.9358,9.8261,2.1461,0.3998,-,-,-,-,37,2,8,0.6,0.3,1.5,0.6,20.5562,220
5,3.6,18,4.138,70.617,48,45.8,89.6508,0.029,92.743,96.0794,28.6192,31.1255,36.3348,29.787,32.3955,37.8175,1.4339,1.9023,-,-,-,-,31.4,2.9,5.9,0.8,0.8,6.7,2,20.117,220
5,3.6,18,4.157,72.9619,48.1,45.1,83.9463,0.027,85.844,94.0338,20.5016,73.5309,0.0013,21.8023,78.1962,0.0014,8.1902,0,-,-,-,-,29.6,3.4,11.3,3.3,0,0,0,25.3619,220
5,3.6,18,4.107,72.896,47.6,48.6,85.0414,0.027,88.211,91.3819,27.0752,7.4481,56.8586,29.6286,8.1505,62.2209,0.3753,2.796,-,-,-,-,34.6,2.6,1.9,0.4,1.4,9.6,0,22.396,220
5,3.6,18,4.023,72.9603,48.5,45.9,78.2612,0.024,81.887,84.1638,33.2316,50.6743,0.2579,39.4844,60.2092,0.3064,2.1499,0.1267,-,-,-,-,39,0.7,7.7,0.1,0.1,0.1,0.1,25.1603,220
5,3.6,18,4.15,72.6,47.7,46.2,89.9105,0.029,93.569,97.3389,29.6154,17.7438,49.9797,30.4251,18.2289,51.346,0.8272,2.9426,-,-,-,-,34.5,0.7,2.9,0.7,4.1,9.4,0.2,20.1,220
5,3.6,18,4.17,72.51,49.4,50.1,92.4572,0.031,96.116,99.2085,26.2328,8.5691,64.4066,26.4421,8.6374,64.9205,0.4344,2.6584,-,-,-,-,30.4,0.5,2.2,0.5,2.4,11.6,1.1,23.81,220
5,3.6,18,4.175,72.9,49.3,49.3,91.3603,0.031,94.499,98.519,30.6443,30.6016,37.2732,31.1049,31.0616,37.8335,1.7017,2.3185,-,-,-,-,34.5,1.1,0.9,1.6,1,7.1,1.4,25.3,220
5,3.6,18,4.146,72.7,47.9,50.7,92.6275,0.03,95.68,98.8747,33.2125,42.3193,23.3429,33.5905,42.8009,23.6086,2.1108,1.0837,-,-,-,-,35.5,2.3,4.1,0.3,2.4,5.9,1.3,20.9,220
5,3.6,18,4.015,72.809,48.5,48.3,93.672,0.032,97.396,105.8699,34.3582,61.4817,10.0299,32.4533,58.0729,9.4738,7.9708,0.5028,-,-,-,-,34.3,0.9,2.6,0.9,2.4,8.5,0.7,22.509,220
3,3.6,10.8,4.145,45.35,46.9,52.6,56.5601,0.035,59.195,59.6713,2.9543,6.1184,50.5986,4.9509,10.2535,84.7956,0.0804,0.3954,969.9213,110.1435,106.9127,322.92,7.97,1.38,6.3948,0.7029,12.74,11.2,1.97,2.9923,150
3,3.6,10.8,4.155,45.535,47.7,47.6,62.5067,0.037,72.177,74.1705,18.0133,55.1374,1.0198,24.2863,74.3388,1.3749,1.9932,0,962.8308,96.4929,92.9224,215.73,17.22,9.2,9.03,1.13,0,0,0,8.955,150
3,3.6,10.8,4.153,45.4902,46.1,50.6,53.8194,0.037,55.365,59.4919,5.2973,53.3327,0.8619,8.9042,89.647,1.4488,4.1272,0,954.4605,109.6566,105.1365,324.99,6.59,8.71,7.8,4.65,0.1,0.2,0.15,17.2902,150
3,3.6,10.8,4.155,45.5522,47.4,47.7,59.8225,0.033,61.713,63.3405,10.0176,21.6913,31.6316,15.8155,34.2456,49.9389,0.5914,1.0365,911.0235,100.6167,100.2804,240.74,13.07,4.06,4.38,2.57,2.95,4.7,3.13,10.6922,150
3.44,3.63,12.487,-,47.5,37,37,66.9041,0.08,68.393,71.8813,11.2502,60.1641,0.467,15.6511,83.6993,0.6496,3.4881,0,907.7438,95.6773,86.9608,266.08,12.8,7.5,13.1,3.3,0.1,0,0,10.7,250
3.44,3.63,12.487,-,47.5,37,37,68.7055,0.03,69.379,75.86,12.3031,63.0676,0.4893,16.2181,83.1368,0.6451,6.4809,0,906.1927,72.5887,65.9006,237.99,16.2,5.1,13.9,1.4,0,0,0,10.9,250
3.44,3.63,12.487,-,47.5,37,37,62.2981,0.028,63.099,75.6001,11.1129,63.9207,0.5665,14.6996,84.5511,0.7493,12.5016,0,907.6362,91.8451,83.4662,284.14,9.7,9.7,11.6,0.7,0,0,0,15.8,250
3.44,3.63,12.487,4.14,47.72,51.2,48.2,56.3726,0.034,58.018,58.5529,19.7985,11.5072,27.2471,33.813,19.6527,46.5342,0.1862,0.3489,958.857,98.5567,93.9256,257.13,25.2,0.38,3.85,0.92,3.44,5.88,0.51,7.54,250
3.44,3.63,12.487,4.16,47.85,48.6,49.4,57.6979,0.035,59.507,60.5638,19.8087,25.8695,14.8855,32.7072,42.7145,24.5783,0.5609,0.4955,948.9432,91.6516,86.8217,216.98,25.3,1.3,6.73,0.73,0.15,3,0.51,10.13,250
3.44,3.63,12.487,4.14,47.96,51.1,50.8,56.0615,0,56.066,57.7587,11.8598,44.2204,1.6785,20.5333,76.5606,2.9061,1.5464,0.1468,959.5866,91.8455,88.1337,241.09,14.3,10,11.81,0.58,0,0,0,11.27,250
3.44,3.63,12.487,4.14,47.81,47.7,50.6,50.6283,0.03,52.46,54.0822,6.1861,47.0819,0.8143,11.4383,87.0561,1.5056,1.6223,0,949.0598,93.2983,88.394,217.54,13.61,12.28,10.01,0.99,0,0,0,10.92,250
3.44,3.63,12.487,4.159,47.86,49.1,52.3,67.9553,0.018,69.074,69.6959,33.3619,28.7618,7.5722,47.8679,41.2675,10.8646,0.4833,0.1385,-,-,-,-,26.82,1.52,7.96,0.96,0.32,1.24,0.5,8.54,250
3.44,3.63,12.487,4.167,47.92,49.4,47.9,70.6885,0.018,71.704,74.0742,23.0597,50.3149,0.6996,31.1306,67.925,0.9445,2.3706,0,-,-,-,-,21.73,1.21,12.47,0,0,0,0,12.51,250
3.44,3.63,12.487,3.795,47.86,50.4,52.3,53.5055,0.016,55.067,55.8701,25.6479,30.0731,0.1491,45.9063,53.8267,0.2669,0.8027,0,-,-,-,-,30.79,0.79,6.55,1.53,0,0,0,8.2,250
3.44,3.63,12.487,3.784,47.93,50.8,52.3,47.9108,0.011,49.077,49.6591,24.9572,24.5798,0.1221,50.2571,49.4971,0.2458,0.582,0,-,-,-,-,32.48,0.62,5.67,1.82,0,0,0,7.34,250
3.44,3.63,12.487,3.792,47.78,47.9,52.3,51.6921,0.013,52.864,53.6756,23.853,29.7603,0.0622,44.4392,55.4449,0.116,0.8116,0,-,-,-,-,28.69,0.7,8.88,2.51,0,0,0,7,250
3.44,3.63,12.487,3.795,47.73,48,52.3,52.6016,0.015,53.845,54.4006,30.8437,23.5177,0.0391,56.6975,43.2306,0.0719,0.5556,0,-,-,-,-,33.31,0.57,5.06,1.31,0,0,0,7.48,250
3.44,3.63,12.487,5.945,47.74,53.5,52.9,13.721,0.004,15.513,15.5137,15.1967,0.1246,0.1924,97.9565,0.8033,1.2401,0.0005,0,-,-,-,-,47.56,0,0,0,0,0,0,0.18,250
3.44,3.63,12.487,3.63,47.85,53.5,52.9,40.963,0.015,43.225,43.4611,27.4025,15.9456,0.1131,63.0506,36.6893,0.2601,0.2363,0,-,-,-,-,38.47,0.44,2.55,0.49,0,0,0,5.9,250
3.44,3.63,12.487,3.624,47.81,50.8,52.9,38.1777,0.01,32.632,33.0177,8.9705,21.4111,2.6361,27.1687,64.8474,7.9839,0.3854,0,-,-,-,-,15.24,11.26,12.38,4,0,0,0,4.93,250
3.44,3.63,12.487,3.63,47.88,47.7,52.9,41.3088,0.012,34.931,35.1254,0,35.1254,0,0,100,0,0.1946,0,-,-,-,-,38.49,0.54,2.4,0.31,0,0,0,6.14,250
3.44,3.63,12.487,3.413,47.8,50.2,52.9,5.2671,0.001,5.136,5.1357,0,5.1357,0,0,100,0,0.0001,0,-,-,-,-,47.7,0,0,0,0,0,0,0.1,250
3.44,3.63,12.487,3.455,47.89,50.2,52.9,6.9999,0.002,6.393,6.3935,4.0394,1.2207,1.1334,63.18,19.0931,17.7269,0.0003,0,-,-,-,-,47.7,0,0,0,0,0,0,0.19,250
3.5,3.63,12.7,-,47,39.4,39.1,78.77,0.033,79.278,87.4797,12.5393,64.954,9.9865,14.3339,74.2503,11.4158,7.6532,0.5486,990.0082,84.8989,84.0599,256.22,11.3,3.6,11.3,1.7,0.4,1.8,0.1,16.8,-
3.5,3.63,12.7,-,47,38.2,38.7,66.2283,0.026,66.712,69.409,15.5178,36.3718,17.5194,22.3571,52.4022,25.2408,1.613,1.0842,772.1153,106.7582,82.5554,252.98,15.2,2.1,12.7,1.4,0.9,3.1,0.4,11.2,-
3.5,3.63,12.7,-,47,37,37,74.7957,0.051,75.755,90.8477,10.8615,79.4552,0.5311,11.9557,87.4598,0.5846,15.093,0,904.9457,93.7054,84.7081,246.41,11.3,4,10.6,3.7,0,0,0,17.4,-
3.5,3.63,12.7,-,47,38.5,37,80.3242,0.06,81.618,90.4708,11.561,78.3986,0.5112,12.7787,86.6562,0.5651,8.8525,0,898.9178,94.6164,85.0794,255.21,10.5,8.5,13.5,1.7,0,0,0,12.8,-
3.5,3.63,12.7,-,47,38.4,37,85.6615,0.058,86.78,96.8249,10.8997,85.3192,0.6061,11.2571,88.117,0.6259,10.0448,0,893.04,92.6823,82.7961,259.67,12,0.2,16.9,3.1,0,0,0,14.8,-
3.5,3.63,12.7,-,47,37,37,84.0738,0.058,85.069,95.7777,7.3409,87.9065,0.5303,7.6645,91.7818,0.5537,10.7091,0,923.482,95.5804,89.1761,254.51,7.6,5.4,17.7,4.4,0,0,0,11.9,-
3.5,3.63,12.7,-,47,37.3,37,84.6933,0.058,85.66,92.4404,10.5042,81.4422,0.494,11.3632,88.1024,0.5344,6.7804,0,943.875,92.1362,86.9797,281.98,9.38,7.52,15.05,2.27,0,0,0,12.78,-
3.5,3.63,12.7,-,47,37.1,37,71.9846,0.032,72.652,81.1947,8.7779,71.7543,0.6625,10.8109,88.3732,0.8159,8.5428,0,942.3281,95.0965,89.7291,294.54,9.8,8.2,12.2,2.1,0,0,0,14.7,-
3.5,3.63,12.7,-,47,38.4,37.3,81.6021,0.029,82.279,86.7463,27.3724,45.0072,14.3668,31.5545,51.8837,16.5618,3.9964,0.4708,941.0563,91.0882,85.809,278.2,20.2,0.5,7.7,0.5,1.3,2.1,0.3,14.4,-
3.5,3.63,12.7,-,47,37.9,37,87.2573,0.033,87.715,100.3749,17.4382,81.6115,1.3251,17.3731,81.3067,1.3202,12.6594,0,939.8936,95.9805,90.301,312.44,13.9,0.6,17.7,0.1,0,0,0,14.7,-
3.5,3.63,12.7,-,47,37,37,77.8733,0.041,79.212,88.6847,13.9863,73.3096,1.3888,15.7708,82.6632,1.5661,9.473,0,880.5806,101.7382,92.2935,247.36,13.4,0.5,14.6,3,0.1,0.3,0.6,14.5,-
3.5,3.63,12.7,-,47,37,37,71.316,0.048,72.751,82.2895,10.6279,71.1544,0.5072,12.9152,86.4684,0.6164,9.5388,0,906.48,112.5472,102.1014,237.13,10,6.6,12.7,3.2,0,0,0,14.5,-
3.5,3.63,12.7,-,47,37,37,75.7306,0.048,76.989,84.9056,17.3022,67.0637,0.5398,20.3781,78.9861,0.6358,7.9167,0,904.5286,91.5201,82.8633,271.72,17.3,1.2,13.3,3.8,0,0,0,11.4,-
3.5,3.63,12.7,-,47,37,37,64.3524,0.04,65.197,72.7843,7.5654,64.6853,0.5336,10.3943,88.8726,0.7331,7.5871,0,906.5752,89.008,80.8267,262.84,8.3,8.2,10.6,6.4,0,0,0,13.5,-
3.5,3.63,12.7,-,47,37,37,82.6616,0.036,83.4,91.6132,18.7521,71.64,1.2212,20.4687,78.1983,1.333,8.213,0,906.5605,89.3298,81.0799,269.07,16.1,2.1,14,4.3,0,0,0,10.5,-
3.5,3.63,12.7,3.426,45.42,49.5,49.5,6.4151,0.001,6.79,6.7905,6.6392,0.0663,0.085,97.7721,0.9766,1.2513,0.0001,0,0,0,0,18.19,45.28,0,0,0,0,0,0,0.14,-
3.5,3.63,12.7,3.413,45.5761,49.5,49.5,6.2357,0.001,6.494,6.4936,6.3747,0.0386,0.0803,98.1683,0.5949,1.2368,0.0001,0,0,0,0,14.63,45.43,0,0,0,0,0,0,0.1461,-
3.5,3.63,12.7,3.358,45.36,49.5,49.5,5.0075,0.002,5.52,5.5202,5.5202,0,0,100,0,0,0.0002,0,0,0,0,15.84,45.17,0,0,0,0,0,0,0.19,-
3.5,3.63,12.7,3.394,45.61,49.5,49.5,6.0723,0.002,6.682,6.6817,6.6817,0,0,100,0,0,0.0001,0,0,0,0,20.85,45.42,0,0,0,0,0,0,0.19,-
3.5,3.63,12.7,3.334,45.46,49.5,49.5,5.2587,0.003,6.001,6.0009,6.0009,0,0,100,0,0,0.0001,0,0,0,0,24.29,45.31,0,0,0,0,0,0,0.15,-
3.5,3.63,12.7,3.617,45.55,49.5,49.5,26.8567,0.01,28.196,28.6049,10.9277,0.0458,17.6314,38.2023,0.1602,61.6375,0,0.4086,0,0,0,16.8,26.16,0,0,0,6.22,6.03,0.8,6.34,-
3.5,3.63,12.7,3.593,45.31,50.7,47.7,10.2571,0.002,10.741,10.7412,10.7412,0,0,100,0,0,0.0001,0,0,0,0,19.55,45.09,0,0,0,0,0,0,0.22,-
3.5,3.63,12.7,2.201,45.65,49.5,51.4,2.4379,0,2.477,2.4769,2.4407,0.0002,0.036,98.54,0.0062,1.4537,0,0,0,0,0,21.97,45.47,0,0,0,0,0,0,0.18,-
3.5,3.63,12.7,2.2,45.64,49.5,51.4,2.1886,0,2.225,2.2248,2.2219,0.0004,0.0025,99.8685,0.0196,0.1119,0,0,0,0,0,20.64,45.62,0,0,0,0,0,0,0.02,-
3.5,3.63,12.7,2.203,45.65,49.5,51.4,1.32,0,1.37,1.3704,1.0531,0.1311,0.1862,76.8504,9.5638,13.5858,0,0,0,0,0,12.22,45.56,0,0,0,0,0,0,0.09,-
3.5,3.63,12.7,2.202,45.55,49.5,51.4,2.7891,0,2.85,2.8506,2.7546,0.0358,0.0602,96.632,1.2568,2.1112,0.0002,0,0,0,0,19.79,45.34,0,0,0,0,0,0,0.21,-
3.5,3.63,12.7,2.204,45.57,49.5,51.4,2.5084,0,2.672,2.6724,2.6152,0.0507,0.0066,97.8575,1.8965,0.246,0.0001,0,0,0,0,21.68,45.39,0,0,0,0,0,0,0.18,-
3.5,3.63,12.7,3.601,45.52,47.7,50.7,37.99,0.018,39.534,40.4852,9.7955,30.6866,0.003,24.1954,75.7972,0.0074,0.9511,0,0,0,0,23.5,10.68,6.94,18.34,0.84,0,0,0,8.72,-
3.5,3.63,12.7,3.62,45.62,49.5,52.4,42.9731,0.012,44.71,44.9448,31.7759,1.0231,12.1458,70.6998,2.2765,27.0238,0,0.2349,0,0,0,18.95,36.19,0,0,0,0.68,2.11,0.52,6.12,-
3.5,3.63,12.7,3.621,45.64,50.2,47.7,18.0803,0.004,18.937,19.0459,6.9705,11.8529,0.2224,36.5986,62.2335,1.168,0.1086,0,0,0,0,20.75,27.47,7.14,8.75,0.41,0,0,0,1.87,-
3.5,3.63,12.7,3.789,45.54,49.1,47.7,53.7104,0,53.72,54.8416,22.4085,32.4157,0.0174,40.8604,59.1078,0.0317,1.1221,0,0,0,0,15.48,25.96,0,10.02,0.72,0,0,0,8.84,-
3.5,3.63,12.7,3.79,45.64,49.5,51.4,52.3861,0.015,53.985,55.1921,26.2886,28.8981,0.0054,47.6312,52.3591,0.0097,1.2069,0,0,0,0,26.94,25.71,1.09,8,0.82,0,0,0,10.02,-
3.5,3.63,12.7,3.792,45.6,49.8,47.7,51.6703,0.014,53.062,53.8897,17.1252,36.7345,0.0301,31.7782,68.166,0.0558,0.8274,0,0,0,0,23.6,20.77,2.44,15.05,1.11,0,0,0,6.23,-
3.5,3.63,12.7,3.794,45.77,50.9,51.4,53.5334,0.015,54.999,55.9325,25.6408,30.2604,0.0313,45.8424,54.1016,0.056,0.9332,0,0,0,0,23.85,27.73,1.02,8.14,0.73,0,0,0,8.15,-
3.5,3.63,12.7,3.797,45.69,50.9,47.7,16.1567,0.001,16.722,16.7228,16.7228,0,0,100,0,0,0.0012,0,0,0,0,23.43,45.3,0,0,0,0,0,0,0.39,-
3.44,3.63,12.487,-,47.3,37,37,66.1385,0.033,68.332,77.312,14.6014,62.485,0.2257,18.8864,80.8218,0.2919,8.9804,0,1107.0774,39.2605,43.4914,130.27,23.34,0.08,11.9,0.098,0,0,0,11.882,220
3.44,3.63,12.487,-,47.3,37,37,59.4191,0.039,64.062,66.0474,23.2002,27.2135,15.6336,35.1266,41.2031,23.6703,0.9487,1.0365,1104.9231,29.1418,32.2536,86.6,26.589,0.1605,6.8722,1.0177,0.0313,2.279,0.204,10.1463,220
3.44,3.63,12.487,-,47.3,37,37,64.0744,0.035,67.109,69.4806,22.2888,26.1126,21.0792,32.0792,37.5825,30.3383,1.5794,0.7925,1100.0449,25.836,28.513,98.8,28.446,0.712,3.456,0.963,1.486,1.518,0.648,10.071,220
3.44,3.63,12.487,-,47.3,37,37,66.7344,0.049,67.634,76.9372,12.8804,62.2197,1.8371,16.7415,80.8708,2.3878,9.3028,0,1114.2842,54.0728,60.3143,186.41,23.94,0.417,10.188,2.079,0,0.261,0.116,10.299,220
3.44,3.63,12.487,-,47.3,37,37,55.7702,0.03,57.714,60.2049,17.9866,19.2785,22.9398,29.8757,32.0215,38.1028,0.5951,1.8953,1134.1317,58.8587,66.8682,179.16,26.5823,0.101,4.198,1.344,1.238,3.126,2.1293,8.5814,220
3.44,3.63,12.487,-,47.3,37,37,60.1983,0.035,63.984,68.507,19.0772,27.4201,22.0096,27.8471,40.0253,32.1276,3.1065,1.416,1125.3006,52.5641,59.2414,188.57,28.043,0.519,3.691,1.278,0.075,2.643,0.311,10.74,220
3.44,3.63,12.487,-,47.3,37,37,63.2219,0.032,66.032,69.8505,23.1344,25.0124,21.7037,33.1198,35.8085,31.0716,1.6029,2.2153,1121.784,43.6582,49.006,141,28.372,0.204,3.688,0.683,0.295,3.9,0.457,9.701,220
3.44,3.63,12.487,-,47.3,37,37,65.3392,0.038,68.052,75.5571,21.0321,54.4875,0.0376,27.836,72.1143,0.0497,7.5052,0,1118.601,27.7113,30.7994,82.53,23.821,0.161,11.518,0.937,0,0,0,10.863,220
3.44,3.63,12.487,-,47.3,37,37,61.5598,0.034,62.616,66.8652,17.7829,26.0742,23.0081,26.5952,38.9952,34.4096,2.1803,2.069,923.0427,96.5412,88.9162,256.85,25.318,0.309,3.882,1.415,0.19,5.065,0.94,10.181,220
3.44,3.63,12.487,-,47.3,37,37,63.4112,0.035,67.397,72.5777,20.9712,23.2548,28.3517,28.8948,32.0413,39.0639,2.1777,3.0024,1147.1925,58.3281,66.7377,189.08,27.254,0.323,3.305,1.208,0.022,3.859,1.079,10.25,220
3.44,3.63,12.487,-,47.5,37,37,65.6415,0.03,66.878,73.7855,15.4675,58.0498,0.2682,20.9629,78.6737,0.3634,6.907,0,905.8536,55.1685,50.0564,185.89,20.7,0.6,12.4,1.4,0,0,0,12.4,220
3.44,3.63,12.487,-,47.5,37,37,61.0791,0.028,62.613,64.2716,16.6191,36.4769,11.1756,25.8576,56.7543,17.3881,1.2332,0.4253,906.967,68.4871,62.2113,220.14,25,1,8.5,1.1,0.2,1.3,0.3,10.1,220
3.44,3.63,12.487,-,47.18,37,37,66.5035,0.075,67.834,71.1856,19.9785,18.7072,32.4999,28.0654,26.2794,45.6552,0.4321,2.9197,1141.1276,83.1048,94.8688,251,23.93,3.447,2.611,0.331,0.15,7.847,0.765,8.099,220
3.44,3.63,12.487,-,47.9,37,37,53.8084,0.077,58.147,62.6656,15.1286,12.2997,35.2373,24.1418,19.6276,56.2306,1.1129,3.406,1146.713,84.9869,97.484,257.52,25.05,0.083,3.034,0.305,0.268,8.164,0.664,10.332,220
3.44,3.63,12.487,-,47.6,37,37,62.8726,0.085,65.558,69.2207,17.9457,15.1003,36.1747,25.9253,21.8147,52.2599,0.5597,3.103,1135.2609,83.1212,92.655,272.81,22.51,1.147,2.585,0.722,0.185,11.27,0.502,8.679,220
3.44,3.63,12.487,-,47.5,37,37,61.9555,0.03,64.236,66.8417,19.9499,14.2026,32.6893,29.8464,21.248,48.9055,1.4524,1.1532,904.186,87.584,79.2903,253.85,26.5,0,1.7,0,0.2,5.7,0.3,13.1,220
3.44,3.63,12.487,4.111,47.787,46.7,46,56.3718,0.024,60.898,62.2849,16.4609,26.2795,19.5446,26.4284,42.1923,31.3793,0.7644,0.6229,948.7282,75.2749,71.4185,167.05,26.1614,1.9303,4.2052,0.028,0.4701,2.626,1.9305,10.4355,250
3.44,3.63,12.487,4.147,47.7255,51.4,47.6,60.0245,0.026,62.642,63.4831,20.8105,29.8771,12.7956,32.7811,47.063,20.1559,0.5313,0.3096,963.051,55.4787,53.4668,115.7,27.969,1.3,5.435,1.44,0.5,2.9,0.37,7.8115,250
3.44,3.63,12.487,4.136,47.7765,48.4,49.7,54.4834,0.025,56.363,57.2617,21.1419,12.395,23.7248,36.9215,21.6462,41.4323,0.2383,0.6604,945.0338,35.1108,33.3239,71.88,25.5,1.1,2.5,0.7,2.1,5.4,1,9.4765,250
3.44,3.63,12.487,4.136,47.7049,47.5,47.7,49.3779,0.025,50.905,51.3665,14.1434,12.7456,24.4775,27.5343,24.813,47.6527,0.1447,0.3166,951.9412,82.4706,78.6444,177.7,25.3,1.7,6.5,0.4,2.4,6.1,1.8,3.5049,250
3.44,3.63,12.487,4.136,47.8188,47.3,48.3,47.6141,0.024,49.516,50.3739,16.1164,16.6543,17.6032,31.9935,33.0614,34.945,0.3917,0.4665,952.2462,50.7355,48.4559,196.16,27.6,1.4,3.2,0.4,1.1,6.1,0.1,7.9188,250
3.44,3.63,12.487,4.135,47.7914,50.3,45.1,56.9962,0.037,59.445,60.8638,12.3234,21.0633,27.4771,20.2475,34.6072,45.1453,0.7221,0.6967,953.5417,94.502,90.2689,194.65,21.4,1.4,4.8,0.6,1.4,9,0.1,9.0914,250
3.44,3.63,12.487,4.133,47.622,49.3,45.8,54.6967,0.032,55.665,56.805,11.2845,21.7612,23.7594,19.8653,38.3085,41.8262,0.339,0.8009,951.3985,92.962,88.5806,194.81,22.7,2.3,3.7,0.4,0.9,7.5,0.6,9.522,250
3.44,3.63,12.487,4.134,47.5206,49.6,49.1,61.9301,0.034,63.193,67.0577,10.6733,56.1445,0.2399,15.9166,83.7257,0.3577,3.8642,0,950.9609,60.9777,58.0983,104.66,14.6,4.5,16.8,0.7,0,0,0,10.9206,250
3.44,3.63,12.487,4.143,47.7411,47.9,47.5,53.387,0.033,55.906,57.1319,12.0027,13.1525,31.9767,21.0088,23.0213,55.9699,0.3384,0.8876,950.7646,83.8579,79.8828,159.4,24.5,1.58,4.14,0.5,1.58,6.82,0.72,7.9011,250
3.44,3.63,12.487,4.142,47.7901,50.2,47.4,48.288,0.03,51.187,52.1237,12.1245,18.9191,21.0801,23.261,36.2966,40.4424,0.3909,0.5462,950.2541,82.8469,78.8662,188.55,24.6,3,3.3,2.7,1,5.6,0.4,7.1901,250
3.44,3.63,12.487,4.144,47.6633,50.1,49.1,54.0851,0.029,57.157,57.9215,20.1819,21.8391,15.9005,34.8436,37.7046,27.4518,0.4798,0.2849,950.0637,46.0463,43.8516,75.72,28.7,1.4,4.1,0.3,1,2.9,1.9,7.3633,250
3.44,3.63,12.487,4.143,47.723,48.6,48.1,51.1922,0.028,54.338,55.5733,16.2434,12.3437,26.9862,29.2289,22.2115,48.5596,0.3905,0.8449,950.454,50.1655,47.7628,91.38,27.9,0.6,2.9,0,1.9,4.7,0,9.723,250
3.44,3.63,12.487,4.143,47.7635,49.9,45.5,54.9706,0.022,56.147,56.6422,13.8199,10.6305,32.1918,24.3987,18.7678,56.8336,0.3098,0.185,948.7051,45.949,43.6972,84.19,27.7,0.6,2.1,1.6,1.5,5.4,0,8.8635,250
3.44,3.63,12.487,4.143,47.7611,50,47.2,52.7836,0.036,55.712,56.8214,14.955,25.8096,16.0569,26.3192,45.4222,28.2586,0.6887,0.4204,951.0554,103.6194,98.7079,174.24,25.9,1.6,2.6,1.3,1,4,2.3,9.0611,250
3.44,3.63,12.487,-,47.3,37,37,81.3804,0.04,81.9,92.2117,17.1772,74.8356,0.1989,18.628,81.1562,0.2157,10.3115,0,1143.7947,41.1167,46.9177,134.04,20.806,0.135,12.914,1.14,0.052,0,0,12.253,220
3.44,3.63,12.487,-,47.5,37,37,67.3043,0.035,68.974,70.3756,22.5479,40.5207,7.307,32.0393,57.5778,10.3829,1.1205,0.2813,906.4332,27.9494,25.4052,78.89,24.8,0.7,9.9,0.7,0.1,1.5,0,9.8,220
3.44,3.63,12.487,-,47.9,37,37,75.2255,0.054,76.16,86.5642,22.3137,63.2971,0.9535,25.777,73.1215,1.1014,10.4045,0,1134.6971,84.7393,96.2652,261.86,21.45,0.552,11.74,1.344,0,0,0,12.814,220
3.44,3.63,12.487,-,47.9,37,37,73.9067,0.051,75.325,88.8943,11.6434,76.8092,0.4417,13.098,86.4051,0.4969,13.5691,0,1148.7386,79.6325,90.6215,244.18,14.92,2.329,12.61,4.048,0,0,0,13.993,220
3.44,3.63,12.487,-,47.5,37,37,57.503,0.031,59.925,61.5922,20.9978,38.532,2.0625,34.0916,62.5599,3.3486,1.6327,0.0347,907.0302,72.3683,65.7327,215.54,26.4,0.8,10.7,0.8,0,0.9,0.8,7.1,220
3.44,3.63,12.487,-,47.5,37,37,73.0193,0.032,73.708,79.7601,12.6854,66.5385,0.5363,15.9044,83.4232,0.6724,6.0524,0,907.2383,90.0824,81.8252,259.04,15.4,0.4,13.1,3.7,0,0,0,14.9,220
3.44,3.63,12.487,-,47.3,37,37,66.7574,0.033,68.147,76.511,14.53,61.8342,0.1468,18.9907,80.8174,0.1919,8.3638,0,1112.0177,39.0402,43.4761,139.05,20.061,1.324,9.983,4.429,0,0,0,11.503,250
3.44,3.63,12.487,-,47.3,37,37,63.7383,0.036,65.718,74.3231,16.8681,57.4342,0.0207,22.6957,77.2764,0.0279,8.6048,0,1119.3641,30.7305,34.4281,135.4,21.084,0.12,13.948,1.493,0,0.747,0,9.908,250
3.44,3.63,12.487,-,48,37,37,72.1839,0.045,74.278,85.4939,12.3937,72.8717,0.2286,14.4965,85.2361,0.2673,11.2163,0,938.1227,69.5243,65.0749,203.94,15.69,0.259,14.568,3.174,0,0,0,14.309,250
3.44,3.63,12.487,-,47.5,37,37,60.2092,0.04,61.868,68.0846,15.8465,52.0624,0.1757,23.2747,76.4672,0.258,6.2168,0,903.4746,42.2537,35.4145,102.49,21.8,1.4,12.7,1.1,0,0,0,10.5,250
3.44,3.63,12.487,-,47.5,37,37,64.4831,0.022,65.543,69.4302,18.7543,50.4714,0.2045,27.0117,72.6937,0.2946,3.8873,0,906.3752,46.1624,41.9205,135.82,23.6,0.5,11.3,0.8,0,0,0,11.3,250
3.44,3.63,12.487,-,47.5,37,37,66.9233,0.032,68.514,72.9369,15.9831,56.1232,0.8305,21.9137,76.9477,1.1386,4.4226,0,907.0875,41.1555,37.4072,121.4,20.8,0.9,12.5,1.2,0.1,0.1,0,11.9,250
3.44,3.63,12.487,-,47.5,37,37,64.0048,0.032,65.045,71.0303,11.591,58.637,0.8023,16.3184,82.5521,1.1295,5.9853,0,906.7985,45.8551,41.6528,135.8,19.8,0.8,14,1.6,0,0.2,0,11.1,250
3.44,3.63,12.487,-,47.5,37,37,63.1215,0.022,64.302,65.9783,21.4061,36.3641,8.208,32.4442,55.1153,12.4405,1.4379,0.2383,906.8916,58.9464,53.5886,175.16,26.1,0.9,6.7,1,0,1.3,0,11.5,250
3.44,3.63,12.487,-,47.5,37,37,65.4016,0.04,68.794,70.48,15.1701,41.4102,13.8997,21.5239,58.7545,19.7215,1.1468,0.5388,907.4661,74.7787,67.947,215.37,23.3,0.4,9.6,0.5,0.2,2.7,0.2,10.6,250
3.44,3.63,12.487,-,47.5,37,37,70.6642,0.045,72.701,84.1428,13.785,70.2057,0.1522,16.3828,83.4363,0.1808,11.4419,0,906.1595,38.6527,35.1306,105.46,16.2,1.7,14.5,2.4,0,0,0,12.7,250
3.44,3.63,12.487,-,47.5,37,37,66.4567,0.035,68.684,75.8007,14.3423,61.324,0.1343,18.9211,80.9017,0.1772,7.1162,0,904.9208,35.5398,32.2885,120.07,21.7,0.9,14,0.6,0,0,0,10.3,250
5.01,3.63,18.2,4.171,68.154,50.3,51.3,82.5691,0.045,88.999,92.0372,9.9432,55.4026,26.6914,10.8035,60.1959,29.0006,2.0668,0.9714,868.1753,137.679,117.5073,250.55,22.1995,10.7856,10.8877,1.1281,0.7403,7.5479,0.6907,14.1742,-
5.01,3.63,18.2,4.162,68.5077,50.1,50,86.832,0.037,94.03,98.9963,10.2873,1.5853,87.1238,10.3916,1.6013,88.0071,0,4.9666,510.0519,202.0391,102.8733,209.32,14.6203,0.3727,0.3053,0,19.6287,15.8361,2.1761,15.5685,-
5.01,3.63,18.2,4.175,68.5158,48.3,44.8,88.8717,0.043,91.527,94.7843,13.6829,43.9211,37.1804,14.4358,46.3379,39.2263,1.6535,1.6039,940.8825,131.5237,123.6642,262.72,23.7435,5.8985,8.8936,1.2181,0.205,10.0136,0.8457,17.6978,-
5.01,3.63,18.2,4.16,68.2969,47.6,37.5,77.3974,0.046,82.575,85.3365,11.543,46.8244,26.9691,13.5265,54.8702,31.6032,1.6954,1.0663,732.6842,170.0586,124.6105,240.66,29.3396,4.0075,10.8764,0.9486,0.6885,6.9725,1.028,14.4358,-
5.01,3.63,18.2,4.174,68.4351,45.8,47.1,63.6009,0.043,66.95,69.2342,17.1849,21.0408,31.0085,24.8214,30.3908,44.7878,0.7662,1.5176,951.4644,-,-,213.38,33.9,1.2,6.8,5.9,3.2,3.7,0,13.7351,-
5.01,3.63,18.2,-,68.4,50.3,50.2,72.7888,0.045,76.965,79.6742,21.956,23.8164,33.9018,27.5573,29.8922,42.5505,1.2583,1.4511,1.545,116.6368,0.0014,221.67,34.3,2.8,3.3,0.6,1.3,6.4,2.2,17.5,-
5.01,3.63,18.2,4.171,68.4219,45.7,51.5,68.959,0.045,74.287,76.4298,21.894,32.4327,22.1031,28.6459,42.4346,28.9195,1.1282,1.015,972.4078,107.2577,104.3799,202.18,38,1.14,4.34,0,1.54,8.64,1.54,13.2219,-
5.01,3.63,18.2,4.172,68.2315,47.6,48.4,76.9574,0.047,81.742,85.3903,8.7513,4.6672,71.9717,10.2486,5.4657,84.2857,0.5261,3.122,972.7744,113.9365,110.9253,214.46,22.54,0.54,1.14,1.94,3.14,19.04,0,19.8915,-
5.01,3.63,18.2,4.164,68.3714,48.2,48.2,92.5765,0.022,94.674,96.8911,20.6398,2.7719,73.4793,21.3021,2.8609,75.837,0.1151,2.1018,-,-,-,-,27.52,0.37,0,3.18,3.81,16.23,3.96,13.3014,-
5.01,3.63,18.2,4.174,68.1684,50,50,98.4864,0.027,103.675,107.5961,28.3639,38.6019,40.6304,26.3614,35.8766,37.7619,2.962,0.9587,-,-,-,-,34.66,0,2.47,0.22,0,6.96,1.05,22.8084,-
5.01,3.63,18.2,4.17,68.4834,47.5,47.1,95.3689,0.027,99.945,101.949,24.7177,36.0599,41.1714,24.2452,35.3705,40.3843,1.5598,0.444,-,-,-,-,34.49,1.39,1.87,0.38,3.54,12.92,0.97,12.9234,-
5.01,3.63,18.2,4.174,68.4844,47.6,48.1,85.5083,0.026,88.957,91.1894,27.0297,6.2854,57.8744,29.6412,6.8926,63.4661,0.2796,1.9531,-,-,-,-,32.5,0.4,2.1,1,2.6,9.9,3.6,16.3844,-
5.01,3.63,18.2,4.189,68.4189,48.1,47.5,86.1543,0.023,88.745,93.7075,18.6715,0.4873,74.5487,19.9252,0.5201,79.5547,0,4.9628,-,-,-,-,26.7,0.3,0.1,0,3.2,13.9,8,16.2189,-
5.01,3.63,18.2,4.18,68.46,49.5,50.6,101.3387,0.029,103.716,106.4541,33.0761,68.0178,5.3602,31.0708,63.894,5.0352,2.4384,0.2997,0,0,0,23.93,28.59,1.37,15.12,1.94,0.26,0.4,0.22,20.56,-
5.01,3.63,18.2,4.177,68.36,48.9,48.4,100.2613,0.03,102.803,109.3697,33.2229,74.6753,1.4715,30.3767,68.2779,1.3454,6.5663,0,0,0,0,29.3,27.96,1.06,15.85,1.31,0,0,0,22.18,-
5.01,3.63,18.2,4.176,68.52,49.8,48.4,101.4469,0.028,103.985,110.4902,27.0409,83.0611,0.3882,24.4736,75.1751,0.3513,6.5054,0,0,0,0,29.22,26.88,0.75,18.92,1.74,0,0,0,20.23,-
5.01,3.63,18.2,4.176,68.05,46.9,48.4,104.613,0.027,106.544,110.833,21.4953,89.3261,0.0117,19.3943,80.5952,0.0105,4.2891,0,0,0,0,29.11,20.97,2.26,27.31,3.73,0,0,0,13.78,-
5.01,3.63,18.2,4.173,68.23,51,48.4,103.6561,0.028,105.699,109.4628,24.739,84.1607,0.563,22.6004,76.8852,0.5144,3.7633,0,0,0,0,29.15,19.38,10.94,22.52,3.26,0,0,0,12.13,-
5.01,3.63,18.2,3.828,68.41,54.3,48.4,81.4315,0.026,84.359,86.9198,24.2829,62.4461,0.1908,27.9371,71.8434,0.2196,2.561,0,0,0,0,20.35,27.14,9.32,18.22,1.47,0,0,0,12.26,-
5.01,3.63,18.2,3.825,68.4,48.7,48.4,75.4188,0.022,79.071,81.4255,27.2056,54.1746,0.0452,33.4117,66.5328,0.0555,2.354,0,0,0,0,24.69,35.67,6.94,12.26,1.36,0,0,0,12.17,-
5.01,3.63,18.2,3.82,68.26,51,48.4,76.0949,0.02,78.853,81.419,28.7055,52.5354,0.1781,35.2565,64.5248,0.2188,2.5664,0,0,0,0,26.48,35.11,7.76,11.85,1.43,0,0,0,12.11,-
5.01,3.63,18.2,3.826,68.44,50.9,48.4,71.099,0.025,75.194,77.0521,39.3597,36.9016,0.7908,51.082,47.8917,1.0263,1.8582,0,0,0,0,27.05,46.86,0.61,6.97,2.13,0,0,0,11.87,-
5.01,3.63,18.2,3.443,68.36,51,48.4,10.9343,0.001,11.276,11.2752,11.2752,0,0,100,0,0,-0.0011,0,0,0,0,20.12,68.81,0,0,0,0,0,0,-0.45,-
5.01,3.63,18.2,3.449,68.36,51,48.4,11.0687,0.002,12.104,12.1047,11.7524,0.2102,0.1421,97.0893,1.7365,1.1743,0.0004,0,0,0,0,19.49,68.15,0,0,0,0,0,0,0.21,-
5.01,3.63,18.2,3.447,68.37,51,48.4,10.8762,0.003,12.268,12.2686,11.6804,0.1303,0.4578,95.2061,1.0622,3.7317,0.0004,0,0,0,0,21.75,68.2,0,0,0,0,0,0,0.17,-
2.37,3.7,8.769,-,48,37,37,31.4544,0.01,32.816,33.5668,15.3131,17.4523,0.8015,45.6198,51.9926,2.3876,0.7504,0,906.4144,346.8336,91.1534,279.25,34.6,0.3,1.7,1.2,0,0,0,10.2,-
2.37,3.7,8.769,-,48,37,37,33.4912,0.013,33.584,35.6526,20.9362,14.1073,0.6091,58.7229,39.5688,1.7083,2.069,0,907.1397,103.8253,94.2216,293.54,36.1,0.4,3.3,0.3,0,0,0,7.9,-
2.37,3.7,8.769,-,48,37,37,34.4865,0.025,37.566,38.7649,18.734,19.4709,0.5599,48.3274,50.2282,1.4444,1.1991,0,906.3121,95.2808,86.3928,271.63,35.4,0.4,2.6,0.8,0,0,0,8.8,-
2.37,3.7,8.769,-,48,37,37,30.3012,0.026,35.383,36.2965,15.5027,20.0802,0.7137,42.7112,55.3226,1.9662,0.9133,0,907.9459,112.2001,101.8411,329.57,35.5,0.4,2.5,0.4,0,0,0,9.2,-
3.5,3.6,12.6,4.164,45.689,51.5,53.2,63.0749,0.032,64.274,66.8435,5.2869,60.4629,1.0938,7.9093,90.4544,1.6363,2.5693,0,905.545,107.3963,93.7607,223.51,8.2,10.8,11.8,2.2,0.1,0.1,0,12.489,-
3.5,3.6,12.6,4.16,45.145,55.2,52,59.3278,0.03,60.668,66.1211,4.024,61.3426,0.7544,6.0858,92.7732,1.141,5.4531,0,905.9153,110.3785,99.9198,252.82,7.8,9.2,5,3.6,0,0,0,19.545,-
3.5,3.6,12.6,4.158,45.294,53.9,52,62.9146,0.028,63.941,64.7664,4.7182,59.2356,0.8126,7.285,91.4603,1.2547,0.7353,0.0897,906.5271,104.615,94.7614,234.11,8.4,9.6,16.8,1,0.4,2.5,0,6.594,-
3.5,3.6,12.6,4.16,45.141,53.2,56,62.1835,0.031,63.23,68.1453,4.9208,62.1053,1.1192,7.2211,91.1366,1.6423,4.9155,0,907.0427,110.9397,100.5509,259.23,7.7,8.9,10.7,1.1,0,0,0,16.741,-
3.5,3.6,12.6,4.159,45.288,52.2,56,64.5166,0.037,66.4,70.6887,5.9958,63.3391,1.3538,8.482,89.6028,1.9152,4.2891,0,907.546,113.8374,103.2382,239.39,7.9,10.2,11.6,1.3,0.1,0.2,0,13.988,-
3.5,3.6,12.6,4.156,45.13,48.1,50,57.3007,0.028,58.59,60.0268,6.5888,39.8098,13.6281,10.9765,66.3201,22.7034,1.1908,0.2458,907.1947,110.4541,100.1285,262.17,1.7,9.2,9,1,7.2,3.7,1.4,11.93,-
3.5,3.6,12.6,4.156,45.26,48.2,50.6,66.9053,0.035,68.2,71.1037,5.7107,64.4722,0.9208,8.0315,90.6735,1.295,2.9036,0,948.2038,99.8689,94.5467,232.07,7.84,8.25,14.98,0.3,0,0,0,13.89,-
3.5,3.6,12.6,4.157,45.08,48.5,50.8,61.6966,0.034,63.094,64.0514,25.5588,23.1685,15.3241,39.9036,36.1718,23.9246,0.957,0,966.2337,95.7253,92.3374,256.64,17.88,2.25,6.45,0.61,1.45,4.02,0.3,12.12,-
3.5,3.6,12.6,4.154,45.02,48.3,47.9,65.4026,0.043,67.075,70.0731,4.6008,64.1101,1.3621,6.5657,91.4904,1.9439,2.9977,0,965.877,111.177,107.3001,239.99,8.11,8.44,12.53,2.19,0,0,0,13.75,-
3.5,3.6,12.6,4.154,45.14,50.6,47.9,62.9105,0.044,65.53,66.5482,17.8297,19.8214,28.897,26.7922,29.7851,43.4227,0.4105,0.6072,964.4673,102.912,99.1633,226.01,17.03,1.73,3.76,0.63,3.4,5.78,0.26,12.55,-
2.8,3.6,10.08,4.191,44.51,50.9,47.7,64.9533,0.016,66.092,67.7746,25.1299,42.4804,0.1644,37.0786,62.6789,0.2425,1.6826,0,0,0,0,19.14,20.92,2.75,10.73,0.56,0,0,0,9.55,-
2.8,3.6,10.08,4.19,44.22,49.9,51.4,64.3955,0.017,65.499,67.3194,24.2411,43.0582,0.0201,36.0091,63.9611,0.0298,1.8206,0,0,0,0,17.18,20.23,3.24,11.31,0.67,0,0,0,8.77,-
2.8,3.6,10.08,4.191,44.38,49.1,47.7,65.4789,0.018,66.733,68.6046,20.1331,48.4405,0.031,29.3466,70.6083,0.0451,1.8718,0,0,0,0,20.09,16.63,3.42,13.46,0.67,0,0,0,10.2,-
2.8,3.6,10.08,4.191,44.45,51.1,51.4,65.5692,0.019,66.93,69.1628,23.7363,45.3807,0.0459,34.3194,65.6143,0.0663,2.2333,0,0,0,0,19.71,18.07,3.42,11.99,0.47,0,0,0,10.5,-
2.8,3.6,10.08,4.191,44.48,49.4,47.7,66.4588,0.017,67.594,69.5103,20.9293,48.4473,0.1337,30.1097,69.698,0.1923,1.9164,0,0,0,0,20.72,17.12,3.66,13.37,0.44,0,0,0,9.89,-
2.8,3.6,10.08,4.19,44.42,49.6,51.4,66.6036,0.02,68.021,70.7605,22.7568,47.9548,0.0489,32.1603,67.7706,0.0691,2.7398,0,0,0,0,21.6,16.5,3.46,13.89,0.42,0,0,0,10.15,-
2.8,3.6,10.08,4.191,44.24,48.9,47.7,66.5634,0.019,67.902,69.7616,20.5632,49.1666,0.0318,29.4764,70.4781,0.0455,1.8599,0,0,0,0,22.78,16.8,3.43,13.93,0.42,0,0,0,9.66,-
2.8,3.6,10.08,4.191,44.68,49.1,51.4,66.2412,0.019,67.53,69.8548,21.3568,48.449,0.049,30.5731,69.3567,0.0702,2.3245,0,0,0,0,20.65,15.8,3.64,14.65,0.53,0,0,0,10.06,-
2.8,3.6,10.08,4.19,44.71,50.3,47.7,64.9568,0.018,66.388,68.0076,24.4898,43.408,0.1098,36.0104,63.8282,0.1614,1.6199,0,0,0,0,22.29,21.05,3.96,9.87,0.28,0,0,0,9.55,-
2.8,3.6,10.08,4.184,44.2,50.2,51.4,63.0522,0.01,63.779,66.0472,21.7585,44.2435,0.0452,32.9439,66.9877,0.0684,2.2681,0,0,0,0,22.91,18.48,3.56,11,0.43,0,0,0,10.73,-
2.8,3.6,10.08,3.729,44.16,47.8,47.7,42.1299,0.013,44.11,44.7302,18.4642,26.2503,0.0156,41.2791,58.686,0.0349,0.6199,0,0,0,0,23.42,31.84,0.39,4.18,0.47,0,0,0,7.28,-
2.8,3.6,10.08,3.73,44.2,49.4,51.4,42.2918,0.012,43.446,44.8998,10.8879,34.0002,0.0117,24.2493,75.7246,0.0261,1.4537,0,0,0,0,23.89,11.15,10.1,13.49,1.21,0,0,0,8.25,-
2.8,3.6,10.08,3.724,43.98,49.8,51.4,39.2885,0.01,40.706,41.2337,20.1996,21.0276,0.0064,48.9882,50.9962,0.0156,0.5276,0,0,0,0,22.86,31.41,0.34,4,1.34,0,0,0,6.89,-
2.8,3.6,10.08,3.731,44.17,50.7,47.7,39.4878,0.01,40.857,41.5492,22.1494,19.3876,0.0123,53.3087,46.6617,0.0296,0.692,0,0,0,0,23.55,31.96,0.42,4.22,0.6,0,0,0,6.97,-
2.8,3.6,10.08,3.513,44.42,50.2,47.7,5.3015,0.001,5.508,5.5089,5.4838,0.0126,0.0125,99.5459,0.228,0.2261,0.0012,0,0,0,0,24.97,43.51,0,0,0,0,0,0,0.91,-
2.8,3.6,10.08,3.511,44.32,50.1,51.4,5.6233,0.002,5.958,5.9587,5.9468,0.0001,0.0118,99.7994,0.002,0.1986,0.0009,0,0,0,0,23.15,43.36,0,0,0,0,0,0,0.96,-
2.8,3.6,10.08,3.502,44.22,50.2,47.7,4.7976,0.001,4.984,4.9851,4.9719,0.0089,0.0043,99.736,0.1781,0.0859,0.0008,0,0,0,0,24.31,43.28,0,0,0,0,0,0,0.94,-
2.8,3.6,10.08,3.507,44.09,50.1,51.4,7.0793,0.002,7.486,7.4869,7.4869,0,0,100,0,0,0.0007,0,0,0,0,23.5,43.54,0,0,0,0,0,0,0.55,-
2.8,3.6,10.08,3.498,44.14,50.2,47.7,6.3789,0.002,6.836,6.8375,6.6931,0.036,0.1084,97.889,0.5263,1.5847,0.0011,0,0,0,0,24.75,43.34,0,0,0,0,0,0,0.8,-
2.8,3.6,10.08,2.974,44.59,50.1,51.4,1.999,0.001,2.185,2.1851,2.1604,0.0035,0.0212,98.8696,0.1589,0.9715,0,0,0,0,0,25.43,44.52,0,0,0,0,0,0,0.07,-
2.8,3.6,10.08,2.967,44.62,50.2,47.7,1.2447,0.001,1.486,1.4858,1.4634,0.0211,0.0014,98.4896,1.4184,0.092,0,0,0,0,0,25.4,44.6,0,0,0,0,0,0,0.02,-
2.8,3.6,10.08,2.403,44.62,50.2,47.7,1.7391,0.001,2.148,2.1479,2.1136,0.0244,0.0099,98.4043,1.136,0.4598,0,0,0,0,0,25.51,44.61,0,0,0,0,0,0,0.01,-
2.8,3.6,10.08,2.946,44.55,50.1,51.4,1.7825,0.001,2.046,2.0464,2.0336,0.0014,0.0114,99.3733,0.0707,0.556,0,0,0,0,0,24.6,44.49,0,0,0,0,0,0,0.06,-
2.8,3.6,10.08,2.963,44.75,50.2,47.7,1.8507,0.001,2.114,2.1145,1.098,0.8406,0.1758,51.9268,39.7568,8.3164,0,0,0,0,0,25.06,44.7,0,0,0,0,0,0,0.05,-
2.37,3.7,8.769,-,48,37,37,38.0683,0.026,43.71,46.2567,20.6154,25.4389,0.2024,44.5675,54.9951,0.4375,2.5471,0,1112.8004,40.165,44.6112,142.06,34.96,0.188,1.704,0.91,0,0,0,10.238,-
2.37,3.7,8.769,-,48,37,37,41.2373,0.025,45.279,47.9112,17.867,29.3258,0.7184,37.2919,61.2087,1.4994,2.6326,0,658.7354,135.4452,86.1311,255.08,33.7,1,1.6,0.3,0,0,0,11.4,-
2.37,3.7,8.769,-,48,37,37,36.9468,0.026,41.122,42.7322,17.6121,24.4673,0.6528,41.215,57.2574,1.5276,1.6104,0,907.5326,128.2141,116.3316,336.58,33.9,0,2.1,0.5,0,0,0,11.5,-
2.37,3.7,8.769,-,48,37,37,39.438,0.025,41.841,42.8239,23.6145,18.5551,0.6543,55.1432,43.3288,1.528,0.983,0,904.5116,111.8292,101.1139,270.69,35.4,0.5,2.9,1.7,0,0,0,7.5,-
2.37,3.7,8.769,-,48,37,37,40.8556,0.022,43.126,45.5814,24.7491,20.057,0.7753,54.2965,44.0026,1.7009,2.4553,0,907.4817,115.4028,104.7556,271.43,35.4,0.5,2.9,1.7,0,0.1,0.2,7.2,-
2.37,3.7,8.769,-,48,37,37,35.8555,0.028,39.936,41.1101,16.4329,23.9591,0.7181,39.9729,58.2804,1.7467,1.1738,0,907.6059,118.2243,107.3227,341.92,35.9,0,2.5,0.7,0,0,0,8.9,-
2.37,3.7,8.769,-,48,37,37,37.1975,0.027,40.994,42.2196,19.6782,21.8182,0.7232,46.6092,51.6779,1.7129,1.2256,0,828.5618,105.7174,88.4214,247.2,33.9,0.7,1.4,0.2,0,0,0,11.8,-
3.2,3.6,11.52,-,48,37,37,59.3334,0.046,60.83,62.3565,13.4475,0.5855,46.6766,21.5655,0.939,74.8545,0,1.5261,904.7314,106.3394,96.288,312.25,19.2,8.5,1.2,0,3.1,11.49,0.6,3.91,-
3.2,3.6,11.52,-,47,37,37,50.6953,0.03,51.946,58.4052,8.5551,1.821,41.1024,14.6479,3.1179,70.3746,0,6.4597,906.046,129.3456,117.3203,299.68,19.3,0,0,0,0,10.8,0.6,16.3,-
4.5,3.6,16.2,4.075,111.292,48,47.7,66.232,0.027,75.286,78.6454,24.8916,53.3165,0.4373,31.6504,67.7936,0.5561,3.3592,0,918.3489,112.2911,103.2014,243.51,72.5255,1.8123,8.9989,2.1295,0.1,0.6985,0,25.0273,380
4.5,3.6,16.2,4.079,111.0028,48.7,51,68.065,0.021,75.653,79.3649,31.8118,47.0596,0.4934,40.083,59.2953,0.6217,3.7123,0,911.0807,113.9661,103.8361,122.67,71.4116,1.8543,6.7404,1.7074,1.8292,0,0.0226,27.4373,380
4.5,3.6,16.2,4.047,112.5,49,47.5,64.7228,0.044,77.143,82.1523,20.0823,60.6545,1.4155,24.4453,73.8318,1.723,5.0088,0,953.1615,180.0816,156.829,233.02,71,0.8,8.2,1.7,0,0,0,30.8,380
4.5,3.6,16.2,4.081,112.5,49.9,46.4,65.7575,0.031,74.654,78.0486,27.5548,50.1851,0.3087,35.3046,64.2998,0.3955,3.3944,0,964.0136,70.0241,67.249,135.52,74.3,0.1,5.4,0,0,0,0,32.7,380
4.5,3.6,16.2,4.082,112.3,48.3,49.7,57.5402,0.043,67.619,71.4175,18.943,51.5602,0.9143,26.5243,72.1955,1.2802,3.7988,0,934.7893,153.8615,143.6309,299.43,73.7,1.1,5.8,0.91,0,0,0,30.79,380
4.5,3.6,16.2,4.079,111.892,47.8,48.3,67.3903,0.034,75.046,75.3999,36.3648,1.1955,37.8395,48.2293,1.5856,50.1851,0.3537,0,965.386,86.2912,83.0894,160.45,97.1,2.2,5.4,0,0,0,0,7.192,380
4.5,3.6,16.2,4.073,112.384,50.5,48.3,55.9502,0.041,66.757,69.7702,21.0057,48.0036,0.7609,30.107,68.8024,1.0906,3.0128,0,970.8401,132.6893,128.5897,236.34,72.7,1.5,10.3,0.7,0,0,0,27.184,380
4.5,3.6,16.2,4.093,112.227,51.2,48.3,60.1586,0.042,69.775,73.633,20.6041,52.0802,0.9487,27.9822,70.7294,1.2884,3.8583,0,971.6438,140.3226,136.1339,249.89,71.1,0.1,10.5,1.9,0,0.1,0,28.527,380
4.5,3.6,16.2,4.09,112.134,50.4,49.7,60.5365,0.047,70.975,74.4738,21.0616,52.5159,0.8962,28.2806,70.516,1.2034,3.499,0,935.7792,145.6429,136.0293,259.55,70.9,1.1,7.8,3.3,0,0,0,29.034,380
4.5,3.6,16.2,4.044,112.35,47.5,47.5,57.8653,0.031,65.493,68.8069,27.5487,40.344,0.9142,40.0377,58.6336,1.3287,3.3134,0,822.1447,173.6868,143.6838,241.21,74.1,1.4,7.5,3.5,0,0,0,25.85,380
4.5,3.6,16.2,4.043,112.676,50.3,47.5,63.7957,0.035,71.943,75.4847,20.1893,53.5162,1.7792,26.7461,70.8968,2.3571,3.5418,0,974.7823,115.2488,112.2476,219.4,75,1.1,8.5,0.8,0,0,0,27.276,380
4.5,3.6,16.2,4.031,112.592,50.6,47.5,47.2163,0.05,58.431,63.4396,11.7075,50.5977,1.1344,18.4546,79.7573,1.7881,5.0083,0,1072.8053,212.9935,228.7206,314.56,69,1.4,6.5,3.8,0.1,0.1,0,31.692,380
4.5,3.6,16.2,4.017,112.644,47.5,47.5,53.4081,0.037,65.484,66.4528,15.72,49.4167,1.3162,23.6558,74.3636,1.9806,0.9691,0,984.8959,180.2247,177.7525,238.3,75.9,4.6,9.24,8.8,3.7,2.5,0,7.904,380
4.5,3.6,16.2,4.076,111.5,51.5,46.4,58.3933,0.046,68.966,72.2532,22.9722,48.2605,1.0204,31.7941,66.7936,1.4123,3.2871,0,968.2736,157.4866,152.296,314.44,73,0.2,9.7,0.8,0,0,0,27.8,380
4.5,3.6,16.2,4.084,111.519,50.3,49.7,61.584,0.049,71.161,73.6546,27.4479,44.9271,1.2795,37.2657,60.9971,1.7372,2.494,0,937.0338,166.8664,156.1317,275.62,73.9,2.1,1.9,1.1,1.9,1.9,4,24.719,380
4.5,3.6,16.2,4.088,111.667,53.6,53.7,55.9894,0.051,65.916,68.5924,25.1136,42.4957,0.983,36.6128,61.954,1.4332,2.6767,0,941.9546,159.3364,149.8557,271.99,73.4,1.7,6.9,1,0,0,0,28.667,380
4.5,3.6,16.2,4.074,111.49,52.3,52,61.2777,0.048,71.19,75.5553,28.1816,46.23,1.1437,37.2993,61.187,1.5137,4.3656,0,977.9044,151.5288,147.919,270.89,72.3,0.8,5.8,1.3,0,0,0,31.29,380
4.5,3.6,16.2,4.058,111.701,48.6,52,52.1611,0.053,61.803,63.8687,25.014,37.5637,1.291,39.1647,58.8139,2.0214,2.0657,0,942.6986,172.2232,162.153,289.89,73.3,1.9,10.9,3.2,0,0,0,22.401,380
4.5,3.6,16.2,4.058,112.335,51.5,47.5,75.2593,0.015,81.363,83.7743,39.0073,44.6518,0.1152,46.5624,53.3001,0.1375,2.4118,0,-,-,-,-,74.2,2.3,11,2.7,0,0,0,22.135,380
4.5,3.6,16.2,4.047,112.183,47,47.5,77.0891,0.012,82.092,85.3649,31.0017,54.1585,0.2047,36.3167,63.4436,0.2398,3.2725,0,-,-,-,-,74.6,1.2,9.2,1.7,0,0,0,25.483,380
4.5,3.6,16.2,3.93,111.582,45.5,45.9,72.3805,0.015,78.192,80.494,34.3365,46.1387,0.0187,42.6572,57.3195,0.0233,2.3016,0,-,-,-,-,75.6,0.5,4.9,0.8,0.1,0.3,0,29.382,380
4.5,3.6,16.2,4.086,111.401,49.3,49.7,85.0859,0.019,91.62,94.8096,40.2509,54.5306,0.0281,42.4544,57.5159,0.0296,3.1895,0,-,-,-,-,72.2,1.3,5.1,2.6,0.1,0.1,0,30.001,380
4.5,3.6,16.2,4.085,111.412,48.69,49.5,84.2877,0.019,89.676,94.593,34.2917,60.2219,0.0794,36.2518,63.6642,0.084,4.9173,0,-,-,-,-,70.8,0.7,7.8,1.51,0.1,0.1,0,30.402,380
4.5,3.6,16.2,4.083,111.37,50.8,46,84.9588,0.018,90.92,94.5526,35.4345,59.072,0.0461,37.476,62.4752,0.0488,3.6323,0,-,-,-,-,70.1,1.3,6.8,2,0.1,0.1,0.1,30.87,380
4.5,3.6,16.2,4.085,111.411,47.1,48.4,84.6621,0.018,90.674,93.5181,45.1401,48.3303,0.0476,48.2689,51.6802,0.0509,2.8441,0,-,-,-,-,72.9,1.8,9.3,1,0.1,0.1,0.1,26.111,380
4.5,3.6,16.2,4.089,111.478,48.1,47.99,83.0521,0.019,88.726,91.9078,35.8659,55.9878,0.0541,39.0238,60.9174,0.0589,3.1816,0,-,-,-,-,70.3,1.2,8.5,2.5,0.1,1.2,0.21,27.468,380
4.5,3.6,16.2,4.076,111.5,48.5,49.4,78.7061,0.019,84.809,87.6799,34.3928,53.2691,0.018,39.2254,60.754,0.0206,2.8712,0,-,-,-,-,72.3,1.5,9.8,2.5,0,0,0,25.4,380
2.6,3.63,9.438,4.151,44.0838,47.3,50.4,30.5719,0.04,34.556,35.5519,13.585,21.172,0.7949,38.2117,59.5525,2.2359,0.9954,0,938.7955,188.8533,114.1595,288.55,28,0.5,3.4,1,0,0,0,11.1838,-
2.6,3.63,9.438,4.142,44.1052,46.8,51.3,46.0658,0.042,48.679,51.1051,10.9151,39.5966,0.5935,21.358,77.4807,1.1613,2.4261,0,931.06,119.7969,111.2928,300.64,14.2,6.2,9.8,1.3,0,0,0,12.6052,-
2.6,3.63,9.438,4.146,44.1045,50.4,50.4,39.0652,0.043,42.815,43.9297,6.8395,35.9622,1.1281,15.5691,81.863,2.5679,1.1145,0,940.2004,125.684,117.9736,306.96,12.2,12.4,7.3,1.9,0,0,0,10.3045,-
2.6,3.63,9.438,4.146,44.255,50.5,51.3,30.9772,0.039,34.484,35.1466,14.9529,19.5315,0.6623,42.5443,55.5714,1.8843,0.6622,0,930.294,125.9489,116.9814,325.38,29.3,0.9,6,0.5,0,0,0,7.555,-
2.6,3.63,9.438,4.138,44.025,50.8,50.2,35.9459,0.04,40.254,41.3199,15.5965,24.4289,1.2946,37.7457,59.1212,3.1331,1.0656,0,940.8955,130.8875,122.9405,280.09,28.7,1.1,3.3,0.7,0,0,0,10.225,-
2.6,3.63,9.438,4.157,44.1,48,51.3,33.8658,0.041,37.931,39.2465,4.7896,33.2952,1.1617,12.2039,84.836,2.9601,1.3152,0,930.4807,128.0587,118.9627,307.34,10.7,15.6,4.3,0.9,0,0,0,12.6,-
2.6,3.63,9.438,4.158,44.1216,52.6,50.2,43.6025,0.041,47.989,50.1293,8.0641,40.8868,1.1783,16.0867,81.5627,2.3506,2.1402,0,947.9772,129.8004,122.795,291.57,10.6,13.1,8,0.5,0,0,0,11.9216,-
2.6,3.63,9.438,4.15,44.112,49.69,51.3,30.8042,0.04,35.344,36.415,11.5839,23.6223,1.2088,31.8109,64.8697,3.3194,1.0706,0,942.6911,134.0207,126.1348,297.62,27.3,1.3,4,0.71,0,0,0,10.802,-
2.6,3.63,9.438,4.138,44.0689,48.1,48.2,38.1994,0.044,42.171,43.3609,15.5884,26.8763,0.8962,35.9504,61.9827,2.0669,1.1895,0,934.8306,121.1136,113.0086,288.38,26.7,0.4,4.9,1.1,0,0,0,10.9689,-
2.6,3.63,9.438,4.14,44.1376,51.6,54.3,34.8291,0.044,40.042,41.3691,7.221,32.6817,1.4665,17.4551,79.0001,3.5448,1.327,0,950.8877,132.6087,119.4134,291.31,10.2,17.3,3.8,0.6,0,0,0,12.2376,-
3,3.6,10.8,-,48,37,37,65.9225,0.057,67.286,81.4353,9.2489,70.7941,1.3922,11.3574,86.933,1.7096,14.1496,0,904.1619,102.4002,92.67,306.9,11.9,12.1,0.8,0,0,0,0,23.2,-
3,3.6,10.8,-,48,37,37,59.2035,0.029,60.318,67.2588,8.6452,53.3229,5.2907,12.8537,79.2802,7.8662,6.6276,0.3133,903.6262,96.0396,86.9151,289.54,8.9,14.3,7.5,0.1,0.2,0.9,0.5,15.6,-
3,3.6,10.8,4.148,45.4366,47.9,45.9,53.7656,0.033,56.943,59.5667,4.7425,54.0774,0.7468,7.9617,90.7847,1.2537,2.6233,0,960.4102,97.9811,94.1657,215.28,15,9.65,11.42,1.81,0.2,0,0,7.3566,-
3,3.6,10.8,4.148,45.4336,50.1,47.5,65.0698,0.037,65.821,72.2287,4.4463,67.4328,0.3495,6.1559,93.3602,0.4839,6.4078,0,957.2679,98.6198,94.4244,247.85,7.8347,7.867,11.2039,2.8632,0,0,0,15.6648,-
3,3.6,10.8,4.15,45.4292,45.5,45.5,59.5777,0.034,60.329,65.96,6.2983,58.1721,1.4896,9.5487,88.1929,2.2584,5.6315,0,961.9139,101.3267,97.673,289.58,6.9823,10.4135,8.975,2.2795,0,0,0,16.7789,-
3,3.6,10.8,4.155,45.22,51,52.3,58.1039,0.037,59.805,62.7604,6.1881,55.2048,1.3675,9.8598,87.9612,2.179,2.9552,0,965.5841,108.4698,104.445,196.07,7.69,13.77,6.9,0.6,0,0,0,16.26,-
3,3.6,10.8,4.156,45.28,49.4,52.3,61.5583,0.041,63.32,65.9309,7.7675,56.9613,1.2021,11.7812,86.3954,1.8233,2.6107,0,966.2738,103.601,99.9421,226.44,9.91,9.49,11.17,0.48,0,0,0,14.23,-
3,3.6,10.8,4.155,45.3,50,52.3,64.1488,0.045,65.748,69.6216,8.1207,59.4328,2.0682,11.664,85.3654,2.9706,3.8738,0,965.7008,100.5063,96.8983,227.73,9.35,5.7,14.12,1.05,0,0,0,15.08,-
3,3.6,10.8,4.155,45.26,51.1,52.3,59.3278,0.042,60.833,64.3267,4.932,58.4507,0.9439,7.6671,90.8655,1.4674,3.4937,0,966.3873,103.8973,100.2536,235.61,7.39,9.73,11.51,0.99,0,0,0,15.64,-
3,3.6,10.8,4.152,45.21,48.5,52.3,59.4827,0.043,61.043,64.5776,5.9524,57.5666,1.0587,9.2174,89.1432,1.6394,3.5351,0,965.0049,104.9252,101.101,226.83,7.2,10.87,9.19,0.98,0,0,0,16.97,-
2.2,3.6,7.74,4.17,41.43,50.1,51.4,26.3097,0.032,27.909,29.152,10.4143,18.1687,0.5691,35.724,62.3238,1.9522,1.2432,0,915.4266,119.6542,0,289.04,23.97,1.73,4.23,1.48,0,0,0,10.02,-
2.2,3.6,7.74,4.17,41.58,48.2,51.4,27.2364,0.024,28.647,29.4058,13.9877,14.9781,0.44,47.5679,50.9359,1.4962,0.7587,0,947.6923,74.4716,70.2845,175.02,25,1.54,4.87,1.43,0,0,0,8.74,-
2.2,3.6,7.74,4.16,41.43,50.2,47.7,26.1751,0.029,28.36,29.6674,8.264,20.4058,0.9975,27.8555,68.782,3.3624,1.3075,0,950.4696,137.8592,130.8406,314.11,24.25,0.38,4.69,1.49,0,0,0,10.62,-
2.2,3.6,7.74,4.17,41.55,49,51.4,23.809,0.034,25.147,25.8583,10.6115,14.683,0.5639,41.037,56.7823,2.1807,0.7111,0,966.7123,114.7567,110.7604,285.76,25.97,0.81,4.67,1.7,0,0,0,8.4,-
2.2,3.6,7.74,4.17,41.49,49,47.7,26.3789,0.027,29.013,29.4531,15.3593,13.5215,0.5723,52.1484,45.9087,1.943,0.4399,0,942.249,94.18,88.5941,221.16,28.18,1.46,4.15,0.3,0.45,0,0,6.95,-
2.2,3.6,7.74,4.17,41.5,49,51.4,25.0202,0.032,27.309,28.0565,10.9021,15.9579,1.1965,38.8576,56.8777,4.2647,0.7477,0,964.2473,122.4296,117.8604,294.83,25.81,0.94,5.12,0.81,0,0,0,8.82,-
2.2,3.6,7.74,4.16,41.55,50.4,47.7,35.0735,0.031,38.611,39.7167,15.0906,23.4768,1.1493,37.9956,59.1107,2.8937,1.1061,0,948.2073,130.7296,0,296.44,23.66,0.76,5.28,1.67,0,0,0,10.18,-
2.2,3.6,7.74,4.16,41.54,51.2,51.4,25.7399,0.025,27.146,27.5792,14.1652,12.8646,0.5494,51.362,46.6461,1.9919,0.4333,0,962.768,84.2664,80.9401,216.43,26.3,1.86,5.37,0.81,0,0,0,7.2,-
2.2,3.6,7.74,4.17,41.56,49.2,51.4,25.1234,0.034,28.092,28.6324,12.9677,14.4843,1.1804,45.2902,50.5872,4.1226,0.5401,0,967.0139,129.8387,125.3735,311.67,27.34,0.96,4.1,0.93,0,0,0,8.23,-
2.2,3.6,7.74,4.16,41.64,49.4,51.4,27.2262,0.027,29.244,29.9111,12.4564,16.5904,0.8643,41.6447,55.4657,2.8896,0.6674,0,962.892,92.3219,88.7135,222.44,24.62,1.22,4.88,1.65,0,0,0,9.27,-
2.2,3.6,7.74,4.17,41.5,49.8,48.2,22.1798,0.03,23.422,24.0838,8.7664,14.7608,0.5566,36.3997,61.2894,2.3109,0.6619,0,945.7393,96.1896,90.756,234.79,25.03,1.67,5.23,0.99,0,0,0,8.58,-
2.2,3.6,7.74,4.17,41.54,49.2,49.4,27.0138,0.026,29.447,30.093,11.8182,17.4757,0.7992,39.2722,58.0722,2.6556,0.6455,0,946.2779,88.3244,83.4158,198.36,25.38,1.38,5.7,0.84,0,0,0,8.24,-
3.53,3.6,12.7,-,48,37,37,66.3848,0.049,67.487,75.7773,20.7014,37.0372,24.3318,27.3187,48.8764,32.1096,7.2153,1.0754,809.5344,98.126,88.8368,295.23,18,0,2.9,1,0,3,0.6,22.5,-
3.53,3.6,12.7,-,48,37,37,67.4694,0.055,70.471,77.0089,17.3945,58.8312,0.7832,22.5877,76.3953,1.017,6.5378,0,895.379,92.825,84.0415,297.41,18.8,5.22,0,0,0,0,0,23.98,-
3.53,3.6,12.7,-,48,37,37,69.604,0.034,70.751,76.4114,20.4388,55.5476,0.425,26.7484,72.6954,0.5561,5.6609,0,906.5606,93.2066,84.5823,275.78,21.5,1.3,11.4,0.7,0,0,0,13.1,-
3.53,3.6,12.7,-,48,40.5,37,70.8272,0.03,71.501,77.4852,15.6808,60.9762,0.8281,20.2371,78.6941,1.0688,5.9846,0,978.2589,95.3204,92.7575,283.1,13.52,6.74,12.57,2.05,0,0,0,13.12,-
3.53,3.6,12.7,-,48,41.7,42.1,65.904,0.072,67.273,71.5224,21.5834,21.3422,28.5968,30.1771,29.8399,39.983,2.3675,1.882,978.1899,96.1565,94.0072,284.17,13.4,0.26,3.92,0.52,0.83,3.94,0.46,24.67,-
3.53,3.6,12.7,-,48,40.9,37,71.6521,0.03,72.33,78.779,11.425,66.6377,0.7164,14.5025,84.5881,0.9093,6.4494,0,979.7968,93.7564,91.8118,293.83,10.78,7.54,15.87,0.24,0,0,0,13.57,-
3.53,3.6,12.7,-,48,42.2,40.3,75.6859,0.032,77.014,79.3194,22.2829,35.2796,21.7568,28.0927,44.478,27.4294,1.6252,0.6801,981.2114,97.5786,95.6941,290.91,20.5,0.23,7.93,0.71,0.04,6.24,0.29,12.06,-
3.53,3.6,12.7,-,48,40.9,37,68.8819,0.031,69.769,76.141,17.4944,57.9621,0.6844,22.9763,76.1247,0.8989,6.3723,0,981.1531,94.5344,92.2619,277.06,18.39,0.06,12.42,0.39,0,0,0,16.74,-
3.53,3.6,12.7,-,48,39.9,41.2,72.7313,0.03,73.724,75.2155,21.39,29.9759,23.8496,28.4382,39.8534,31.7084,0.8414,0.6505,980.1652,103.3799,97.6333,298.18,20.33,2.02,6.76,0.6,2.44,5.99,0.44,9.42,-
3.53,3.6,12.7,-,48,42.3,37,62.3795,0.027,63.721,67.3213,22.3253,44.3107,0.6853,33.1623,65.8197,1.018,3.6003,0,997.3731,555.8308,90.5567,268.98,22.51,1.64,10.41,0.51,0,0,0,12.93,-
3.53,3.6,12.7,4.143,46.9544,50.5,48.6,56.3905,0.035,57.853,59.7613,20.5321,15.2458,23.9834,34.3568,25.5112,40.1319,0.7668,1.1413,972.1173,100.0288,97.3635,187.08,15,0.94,2.34,0,1.74,6.64,3.44,16.8544,-
3.53,3.6,12.7,-,48,42.7,37,67.481,0.029,68.464,71.8711,13.1341,58.0536,0.6834,18.2745,80.7747,0.9508,3.407,0,997.3973,90.2001,89.9654,322.16,12.1,10.52,12.2,0.99,0,0,0,12.19,-
3.13,3.6,11.268,4.162,46.1371,52.3,48.6,59.4915,0.045,62.787,66.6258,12.7049,53.0816,0.8393,19.0691,79.6712,1.2598,3.8387,0,934.5996,99.2289,92.5193,224.62,11.5,3,11.1,1.3,0,0,0,19.2371,-
3.13,3.6,11.268,4.166,46.1494,51.4,48,53.8241,0.045,55.954,59.852,5.4719,53.6531,0.727,9.1424,89.643,1.2146,3.8979,0,952.2797,97.7305,92.8274,228.59,6.6,8.3,9,1.7,0,0,0,20.5494,-
3.13,3.6,11.268,4.168,46.2356,47.5,49.9,54.5477,0.04,55.985,59.2006,13.5596,45.0058,0.6351,22.9045,76.0227,1.0728,3.2153,0,946.905,103.4775,97.8773,229.37,16.7,3.2,5.5,1.1,0,0,0,19.7356,-
3.13,3.6,11.268,4.164,46.2922,48.6,48.6,57.0662,0.046,60.31,63.5388,17.6129,45.1499,0.776,27.72,71.0588,1.2213,3.2283,0,936.9246,107.1717,100.2234,237.94,16.6,3.1,7.3,0.8,0,0,0,18.4922,-
2.1,3.65,7.665,4.16,40.4387,46.8,47.6,27.364,0.017,30.818,31.167,15.0313,15.9276,0.208,48.2284,51.1041,0.6675,0.3492,0,972.017,50.1896,48.8111,115.06,26.47,1.06,5.32,1.234,0,0,0,6.3547,250
2.1,3.65,7.665,4.161,40.1051,45.9,47.7,28.7074,0.016,32.027,32.5365,14.5733,17.4926,0.4706,44.7905,53.763,1.4465,0.5098,0,962.1242,48.7073,46.8881,109.63,26.149,0.95,3.86,1.455,0,0,0,7.6911,250
2.1,3.65,7.665,4.158,40.2032,48.3,47.6,21.9878,0.014,25.435,25.8141,8.0914,17.5087,0.214,31.3448,67.8263,0.8289,0.3787,0,949.354,53.012,50.4151,190.67,25.938,1.12,5.18,1.47,0,0,0,6.4952,250
2.1,3.65,7.665,4.159,40.2464,47.7,47.7,27.9656,0.028,34.274,34.688,12.1133,21.2769,1.2978,34.9208,61.3379,3.7412,0.4145,0,947.5076,109.052,103.3504,273.84,25.84,0.42,5.92,2.165,0.5,0,0.06,5.3414,250
2.1,3.65,7.665,4.163,40.3081,48.9,49.6,19.9828,0.015,21.7,22.1308,10.0052,11.6587,0.4669,45.2094,52.6808,2.1099,0.431,0,951.0155,66.4784,63.3442,132.43,28.2,0.9,3.5,0.3,0,0,0,7.4081,250
2.1,3.65,7.665,4.155,40.5212,49,48.6,30.9858,0.026,36.899,38.2937,2.857,34.5,0.9367,7.4607,90.0931,2.4462,1.395,0,754.8698,132.2464,94.7448,305.16,10.6549,12.0541,4.4933,2.0679,0.0767,0.2311,0.0117,10.9315,250
2.1,3.65,7.665,4.127,40.6049,47.1,48.4,26.1681,0.026,31.505,32.0669,15.5012,15.9099,0.6558,48.3403,49.6146,2.0452,0.5623,0,963.121,113.9944,109.8347,254.59,27.0058,1.041,2.7882,0.6765,0.065,0.1587,0.0853,8.7844,250
2.1,3.65,7.665,4.127,40.5157,47,47.2,29.714,0.031,35.628,36.2556,6.3962,28.8069,1.0525,17.642,79.4551,2.9029,0.6273,0,959.1667,119.4216,114.6542,284.99,14.0566,11.5111,5.9863,0.8683,0.2045,0.2758,0.0914,7.5217,250
2.1,3.65,7.665,4.152,40.547,49.5,49.7,31.4842,0.006,32.905,33.32,18.7597,14.358,0.2024,56.3016,43.0911,0.6073,0.4147,0,-,-,-,-,29.45,0,0.61,0.36,0,0,0,10.127,250
2.1,3.65,7.665,4.225,38.9866,51.2,47.6,27.3407,0.016,29.83,30.4541,9.3147,20.9626,0.1768,30.586,68.8334,0.5806,0.6242,0,959.4693,49.8217,48.0038,123.15,20.42,1,7.87,2.14,0,0.01,0,7.5466,250
2.1,3.65,7.665,4.153,39.0194,50,47.7,28.5751,0.018,32.477,33.3119,8.6648,24.0715,0.5756,26.0111,72.261,1.7279,0.8346,0,959.9838,57.1034,54.9025,97.9,20.89,0.98,7.67,1.88,0.1,0,0,7.4994,250
2.1,3.65,7.665,4.159,38.9364,49.3,45.5,19.8615,0.024,21.076,22.1833,1.1618,20.7388,0.2828,5.2371,93.4882,1.2746,1.1077,0,957.6769,98.8058,94.7168,242.61,11.6,10.8,6.6,0.8,0,0,0,9.1364,250
2.1,3.65,7.665,4.149,39.1836,48.6,47.9,28.7974,0.021,30.234,31.0547,13.0561,17.5981,0.4005,42.0421,56.6681,1.2898,0.8212,0,961.9821,87.6867,84.3707,183.96,22.52,0.44,4.39,0.4164,0,0,0,11.4172,250
2.1,3.65,7.665,4.147,38.9824,47.2,47.7,30.1842,0.032,36.555,38.0307,2.4233,34.4015,1.206,6.3718,90.4571,3.1711,1.4755,0,953.5377,124.8509,119.093,361.55,9.33,9.03,9.48,1.82,0,0,0,9.3224,250
2.1,3.65,7.665,4.107,38.925,46.6,47.5,25.114,0.021,26.881,28.2473,6.8464,20.0243,1.3766,24.2375,70.8892,4.8733,1.3663,0,953.5646,152.8777,86.5338,234.13,20.5,0.2,4.6,1.58,0,0,0,12.045,250
2.1,3.65,7.665,4.157,38.343,49.5,45.5,23.3654,0.031,26.454,27.1769,0.951,25.6451,0.5808,3.4993,94.3635,2.1372,0.7226,0,952.9872,125.4954,109.7825,231.39,9.8,10.9,8.2,3.4,0.2,0.1,0,5.743,250
2.1,3.65,7.665,4.159,38.2317,50.1,55.1,21.1265,0.016,22.43,22.8345,7.3576,15.0199,0.457,32.2214,65.7771,2.0015,0.4049,0,952.9513,92.3202,74.2164,195.26,23.2,0.9,4.5,1.8,0.4,0.5,0,6.9317,250
2.1,3.65,7.665,4.154,38.2273,49.2,49.6,23.4161,0.027,28.071,29.4057,1.9487,26.9215,0.5354,6.6271,91.5521,1.8208,1.3347,0,954.7952,93.7994,89.4676,237.63,8.6,11.9,4.3,3.6,0.1,0.1,0,9.6273,250
2.1,3.65,7.665,4.152,38.2813,45.5,49.6,22.1013,0.021,23.942,24.3555,5.2311,18.8002,0.3243,21.478,77.1906,1.3314,0.4132,0,952.8382,109.2752,83.9572,216.77,22.1,1.8,3.6,5.7,0.2,0,0,4.8813,250
2.1,3.65,7.665,4.15,38.1331,52.4,45.5,20.05,0.023,22.535,22.9966,7.8899,14.5741,0.5326,34.3091,63.375,2.3159,0.4613,0,952.1101,99.2242,85.8799,201.09,24.5,1.1,1.8,1.9,0.2,0,0,8.6331,250
2.1,3.65,7.665,4.162,38.2628,50.6,49.6,19.2124,0.023,21.959,23.5296,0.4817,22.6191,0.4289,2.047,96.1303,1.8226,1.5709,0,954.1108,92.5197,84.3553,185.7,8.9,10.6,4.1,3.1,0,0,0,11.5628,250
2.1,3.65,7.665,4.024,38.1839,47.5,47.5,29.2928,0.005,30.697,31.0818,14.3177,16.6414,0.1227,46.0645,53.5407,0.3948,0.385,0,-,-,-,-,25.9,0.6,2.5,0,0,0,0,9.1839,250
2.1,3.65,7.665,4.162,38.2044,51.1,47.5,30.6942,0.005,31.767,32.1381,17.7462,14.3046,0.0873,55.2186,44.5098,0.2716,0.3708,0,-,-,-,-,25.4,1.1,2.9,0.2,0,0,0,8.6044,250
2.1,3.65,7.665,4.159,38.1274,47.2,47.5,31.5547,0.006,32.576,32.8359,20.366,12.1213,0.3486,62.0234,36.9148,1.0618,0.2603,0,-,-,-,-,27.4,1.1,1.7,0.1,0,0,0,7.8274,250
2.1,3.65,7.665,4.18,40.9975,51,46.8,23.2943,0.014,25.793,26.6144,5.0059,20.4817,1.1268,18.809,76.9571,4.2339,0.8215,0,950.6046,64.2085,61.1999,128.72,10.3,14.3,3.9,1.8,0.1,0.5,1.5,8.5975,250
2.1,3.65,7.665,4.179,41.2176,48.5,45.5,25.9336,0.024,28.098,29.1539,2.8475,25.7433,0.5631,9.7673,88.3013,1.9315,1.0561,0,953.8133,150.1266,81.6619,221.58,15.4,8.6,5.9,3,0,0,0,8.3176,250
2.1,3.65,7.665,4.128,40.3829,50.3,47.5,21.547,0.024,27.856,28.3986,-,-,-,-,-,-,0.5422,0,949.2709,129.4659,88.3293,245.62,11.8,15.3,4.4,0.7,0.1,0.3,0.1,7.6829,250
2.1,3.65,7.665,4.129,40.4173,50.7,50.7,22.1547,0.025,25.288,26.4287,0.5573,25.2134,0.658,2.1088,95.4017,2.4896,1.1411,0,950.2984,133.3877,89.7922,243.11,9,14.2,4.4,2.9,0,0,0,9.9173,250
2.1,3.65,7.665,4.158,40.5854,48.6,45.5,31.0313,0.007,32.488,32.8352,16.7867,15.9341,0.1145,51.124,48.5273,0.3487,0.3469,0,-,-,-,-,28.9,0.5,1.8,0.1,0,0,0,9.2854,250
2.1,3.65,7.665,4.162,40.8879,45.1,0,34.3083,0.017,38.375,39.1156,19.0915,19.5323,0.4917,48.808,49.935,1.2571,0.7406,0,962.1134,48.2851,46.6622,96.09,27.04,1.02,1.39,1.62,0.12,0.17,0,9.5279,250
2.1,3.65,7.665,4.15,40.7395,49.3,47.7,34.2797,0.017,39.789,40.1959,18.5256,21.2338,0.4366,46.0881,52.8258,1.0861,0.4067,0,960.8544,53.4293,51.4993,117.78,28.02,0.48,3.28,1.578,0.5,0.38,0,6.5015,250
2.1,3.65,7.665,4.159,40.9359,46.8,47.6,30.8144,0.015,33.709,34.2143,15.8432,18.0778,0.2934,46.3057,52.8368,0.8575,0.5056,0,950.1317,70.1737,66.8346,162.1,23.74,1.2,7.3,1.52,0,0,0,7.1759,250
2.1,3.65,7.665,4.218,40.8817,50.9,45.6,33.7043,0.018,37.767,38.4527,18.4324,19.361,0.6593,47.9351,50.3502,1.7147,0.6857,0,949.0214,55.1316,52.4293,118.29,26.58,0.24,1.77,1.48,0.06,0.33,0.14,10.2817,250
2.1,3.65,7.665,4.158,40.997,48.3,50.3,34.8447,0.022,36.648,37.5805,7.5024,29.5818,0.4963,19.9636,78.7159,1.3205,0.9323,0,961.8866,96.6896,93.0719,182.03,18.3725,6.1226,7.5865,1.6459,0,0,0,7.2695,250
2.1,3.65,7.665,4.164,40.9183,45.6,47.9,36.7679,0.034,42.472,44.2714,7.8055,35.3987,1.0672,17.6311,79.9583,2.4106,1.7992,0,955.2837,135.6241,129.5783,294.98,12.6521,9.091,6.2449,1.4885,0,0,0,11.4418,250
2.1,3.65,7.665,4.17,41.0083,47.3,46.4,36.4921,0.03,40.612,42.8254,6.2302,35.5995,0.9958,14.5479,83.127,2.3252,2.2133,0,971.8312,108.4563,105.5534,143.77,10.4758,6.8709,9.0585,2.1309,0,0,0,12.4722,250
2.1,3.65,7.665,4.164,41.4121,47.6,50.3,34.5484,0.028,37.74,39.3674,7.8722,30.5666,0.9286,19.9967,77.6445,2.3588,1.6271,0,955.6001,127.5472,121.8812,302.89,13.8601,8.4178,4.4354,2.6646,0,0,0.0889,11.9453,250
2.1,3.65,7.665,4.166,41.0541,50.7,51.5,31.2726,0.026,39.234,40.3759,11.3417,27.9622,1.0721,28.0902,69.2546,2.6552,1.1415,0,968.5208,110.4033,106.9971,232.3,27.25,0,1.95,1.42,0,0,0,10.4341,250
2.1,3.65,7.665,4.165,41.1697,48.8,51,33.149,0.027,34.848,37.2045,5.6052,30.3015,1.2979,15.0658,81.4457,3.4885,2.3565,0,952.7889,144.8232,94.0341,253.18,19.7,1,6.8,1.3,0,0,0,12.3697,250
2.1,3.65,7.665,4.166,41.2351,49.3,47.9,41.4104,0.019,42.528,44.545,7.8512,36.6263,0.0675,17.6253,82.2231,0.1515,2.0175,0,-,-,-,-,10.38,7.68,10.21,2.19,0,0,0,10.7751,250
2.1,3.65,7.665,4.152,41.2962,48.8,45.9,37.8571,0.01,39.728,40.1756,20.3784,19.5751,0.2221,50.7234,48.7237,0.5529,0.4472,0,-,-,-,-,29.44,1.27,3.63,1.66,0,0,0,5.2962,250
2.1,3.65,7.665,4.163,39.3154,48.2,47.4,30.4714,0.018,35.082,35.7061,15.3982,20.0742,0.2337,43.1249,56.2206,0.6545,0.6236,0,964.0297,48.1615,46.2887,106.02,24.04,1.16,2.81,0.817,0.3,2.52,0,7.6684,250
2.1,3.65,7.665,4.156,39.5757,47.1,47.6,29.9898,0.015,32.194,32.7642,10.2583,22.3717,0.1342,31.3095,68.281,0.4095,0.5698,0,950.8998,55.2454,52.5697,128.56,22.68,0.84,6.8,1.67,0.17,0.29,0,7.1257,250
2.1,3.65,7.665,-,39.4589,48.2,47.4,32.2215,0.019,36.163,36.7114,10.909,25.3097,0.4927,29.7156,68.9424,1.342,0.5484,0,957.5419,56.3501,53.9475,118.2,21.445,1.38,6.8,2.67,1.1,0.6,0.13,5.3339,250
2.1,3.65,7.665,4.159,39.5815,50.7,51,29.1014,0.02,30.85,32.2716,8.1688,23.7542,0.3485,25.3128,73.6073,1.0799,1.4216,0,952.6533,100.0047,65.0666,201.48,19.8,0.9,6.5,1.3,0,0,0,11.0815,250
2.1,3.65,7.665,4.158,38.9986,48.2,47.7,32.8026,0.032,41.402,41.4021,5.5304,34.7643,1.1074,13.3579,83.9673,2.6748,0,0,955.2133,108.4256,103.7805,284.28,18.9882,14.856,7.0676,1.6322,0.1969,0,0.0996,-3.8419,250
2.1,3.65,7.665,4.157,39.1385,52,50.3,27.5952,0.028,33.287,33.8247,12.1607,20.9321,0.732,35.9521,61.8839,2.164,0.538,0,959.321,106.1546,101.9424,252.35,24.7193,0.9327,4.8325,0.8156,0.1923,0.343,0,7.3031,250
2.1,3.65,7.665,4.158,39.4601,48.4,47.9,25.0707,0.025,29.677,30.4262,10.3992,19.5621,0.4649,34.1785,64.2935,1.528,0.7493,0,969.6726,88.4879,86.0084,221.01,24.6102,0.5945,5.194,0.7994,0,0,0,8.262,250
2.1,3.65,7.665,4.145,39.3493,46.1,46.4,29.9893,0.03,35.856,36.6673,13.0489,22.7069,0.9115,35.5873,61.9269,2.4857,0.8109,0,943.8376,97.5843,92.1765,218.09,23.85,0.8215,5.4248,1.2437,0,0,0,8.0093,250
2.1,3.65,7.665,4.158,39.2274,49.4,48.3,32.7924,0.011,35.043,36.2491,10.1009,26.0315,0.1167,27.8653,71.8127,0.322,1.2061,0,-,-,-,-,21.88,0,5.57,1.88,0,0,0,9.8974,250
2.1,3.65,7.665,4.158,39.3144,48.2,45.9,33.9688,0.007,35.15,35.5244,16.5872,18.8572,0.08,46.6924,53.0825,0.2252,0.3746,0,-,-,-,-,26.44,1.03,3.91,0.95,0.27,0.19,0,6.5244,250
2.1,3.65,7.665,4.165,39.0459,48.7,47.8,33.203,0.01,34.683,35.0656,11.4005,23.6122,0.0529,32.512,67.3372,0.1508,0.3823,0,-,-,-,-,23.31,1.08,7.85,2.41,0.3,0.61,0.03,3.4559,250
2.1,3.65,7.665,4.152,41.2394,45.5,50,25.6308,0.011,29.373,29.6006,12.2207,17.3176,0.0623,41.2853,58.5042,0.2105,0.228,0,951.6324,30.7016,29.3198,51.73,13,17,3.1,3.2,0,0,0,4.9394,250
2.1,3.65,7.665,4.164,41.0943,49.6,55.5,25.8413,0.02,31.36,32.1984,6.5551,25.6028,0.0406,20.3584,79.5156,0.126,0.8388,0,951.3312,37.1126,35.4167,60.19,8.3,15.1,7.6,1.7,0,0,0,8.3943,250
2.1,3.65,7.665,4.159,41.4697,50.8,45.5,26.5483,0.02,28.598,28.9437,16.58,12.2363,0.1274,57.2838,42.2762,0.4401,0.3459,0,954.998,56.3109,53.8645,97.97,28.9,1.9,2.9,0.3,0,0,0,7.4697,250
2.1,3.65,7.665,4.165,41.3281,50.9,50.1,20.4832,0.015,25,25.3463,8.8159,16.3901,0.1403,34.7817,64.6648,0.5535,0.3462,0,955.0285,50.7571,48.6156,92.66,13.6,17.6,3.2,0.3,0,0,0,6.6281,250
2.1,3.65,7.665,4.164,41.4456,50,50.1,21.696,0.028,22.205,23.2259,2.6997,20.0607,0.4654,11.6238,86.3723,2.0039,1.0212,0,954.537,106.7808,102.0516,233.08,9.4,15.1,4.9,3,0.2,0,0,8.8456,250
2.1,3.65,7.665,4.18,41.3352,52.2,45.5,29.558,0.036,30.699,32.1471,6.2844,25.2645,0.5982,19.5489,78.5902,1.861,1.4483,0,956.0614,126.0361,120.6044,290.72,16,6.8,6,1.7,0,0,0,10.8352,250
2.1,3.65,7.665,4.145,41.0035,48.6,47.5,32.705,0.009,33.998,35.539,8.4461,26.8844,0.2085,23.7656,75.6477,0.5867,1.5414,0,-,-,-,-,10.5,11.4,7.1,0.9,0,0,0,11.1035,250
2.1,3.65,7.665,4.172,40.9676,47.5,47.5,30.3409,0.008,32.016,33.6213,7.9072,25.7122,0.0019,23.5184,76.476,0.0056,1.605,0,-,-,-,-,17.5,4.1,5.2,4.3,0.2,0,0,9.6676,250
2.1,3.65,7.665,4.168,41.1667,46.8,47.5,35.1014,0.009,36.806,37.1126,19.5143,17.543,0.0552,52.5815,47.2697,0.1488,0.3063,0,-,-,-,-,29.9,1.1,2.7,0.2,0,0,0,7.2667,250
